date	visitors_now	visitors_today	visitors_ytd	temp_air	temp_pool	temp_sea
2024-01-01T00:01:39.452Z	0	0	64800	5.9	30.0	5.1
2024-01-01T00:29:20.759Z	0	0	64800	5.7	29.4	5.2
2024-01-01T00:53:51.806Z	0	0	64800	5.7	29.4	5.2
2024-01-01T01:28:14.835Z	0	0	1	5.1	29.8	4.9
2024-01-01T01:55:20.883Z	0	0	1	5.1	29.8	4.9
2024-01-01T02:17:05.381Z	0	0	1	5.0	30.1	4.9
2024-01-01T02:34:13.319Z	0	0	1	4.7	29.9	4.9
2024-01-01T02:45:58.779Z	0	0	1	4.7	29.9	4.9
2024-01-01T02:54:09.111Z	0	0	1	4.7	29.9	4.9
2024-01-01T03:02:37.656Z	0	0	0	4.5	30.2	4.8
2024-01-01T03:13:36.800Z	0	0	0	4.5	30.2	4.8
2024-01-01T03:24:37.019Z	0	0	0	4.5	30.2	4.8
2024-01-01T03:33:07.868Z	0	0	0	4.4	30.1	4.8
2024-01-01T03:41:43.910Z	0	0	0	4.4	30.1	4.8
2024-01-01T03:50:06.869Z	0	0	0	4.4	30.1	4.8
2024-01-01T03:58:19.906Z	0	0	0	4.5	30.1	5.5
2024-01-01T04:08:47.485Z	0	0	0	4.5	30.1	5.5
2024-01-01T04:21:18.945Z	0	0	0	4.5	30.1	5.5
2024-01-01T04:31:50.149Z	0	0	0	4.4	30.1	5.0
2024-01-01T04:40:25.427Z	0	0	0	4.4	30.1	5.0
2024-01-01T04:48:44.855Z	0	0	0	4.4	30.1	5.0
2024-01-01T04:56:52.796Z	0	0	0	4.7	30.1	5.3
2024-01-01T05:06:56.787Z	0	0	0	4.7	30.1	5.3
2024-01-01T05:18:20.365Z	0	0	0	4.7	30.1	5.3
2024-01-01T05:29:22.985Z	0	0	0	4.7	30.1	5.3
2024-01-01T05:37:42.953Z	0	0	0	5.2	30.2	6.6
2024-01-01T05:45:56.234Z	0	0	0	5.2	30.2	6.6
2024-01-01T05:54:17.733Z	0	0	0	5.2	30.2	6.6
2024-01-01T06:03:22.170Z	0	0	0	5.6	30.0	5.2
2024-01-01T06:14:56.001Z	0	0	0	5.6	30.0	5.2
2024-01-01T06:28:28.794Z	0	0	0	5.4	30.2	5.2
2024-01-01T06:38:05.879Z	0	0	0	5.4	30.2	5.2
2024-01-01T06:46:12.017Z	0	0	0	5.4	30.2	5.2
2024-01-01T06:54:31.060Z	0	0	0	5.4	30.2	5.2
2024-01-01T07:03:12.418Z	0	0	0	5.4	30.2	5.0
2024-01-01T07:14:06.516Z	0	0	0	5.4	30.2	5.0
2024-01-01T07:23:33.308Z	0	0	0	5.4	30.2	5.0
2024-01-01T07:31:46.444Z	0	0	0	5.2	30.3	4.7
2024-01-01T07:40:06.730Z	0	0	0	5.2	30.3	4.7
2024-01-01T07:48:25.011Z	0	0	0	5.2	30.3	4.7
2024-01-01T07:56:45.533Z	0	0	0	4.8	30.3	4.6
2024-01-01T08:07:11.476Z	0	0	0	4.8	30.3	4.6
2024-01-01T08:19:23.974Z	0	0	0	4.8	30.3	4.6
2024-01-01T08:30:17.142Z	0	0	0	3.9	29.2	4.9
2024-01-01T08:38:57.941Z	0	0	0	3.9	29.2	4.9
2024-01-01T08:47:07.691Z	0	0	0	3.9	29.2	4.9
2024-01-01T08:55:27.254Z	0	0	0	3.9	29.2	4.9
2024-01-01T09:04:34.671Z	0	0	0	4.3	30.3	5.0
2024-01-01T09:15:41.001Z	0	0	0	4.3	30.3	5.0
2024-01-01T09:25:17.988Z	0	0	0	4.3	30.3	5.0
2024-01-01T09:33:37.527Z	0	0	0	4.7	30.2	4.5
2024-01-01T09:42:03.361Z	0	0	0	4.7	30.2	4.5
2024-01-01T09:50:26.373Z	0	0	0	4.7	30.2	4.5
2024-01-01T09:58:33.939Z	0	0	0	4.8	30.3	5.4
2024-01-01T10:08:50.325Z	0	0	0	4.8	30.3	5.4
2024-01-01T10:20:57.020Z	0	0	0	4.8	30.3	5.4
2024-01-01T10:31:55.052Z	0	0	0	5.2	30.3	5.3
2024-01-01T10:40:25.610Z	0	0	0	5.2	30.3	5.3
2024-01-01T10:48:41.564Z	0	0	0	5.2	30.3	5.3
2024-01-01T10:57:01.425Z	0	0	0	4.9	30.3	5.2
2024-01-01T11:06:19.901Z	0	0	0	4.9	30.3	5.2
2024-01-01T11:16:59.658Z	0	0	0	4.9	30.3	5.2
2024-01-01T11:25:11.904Z	0	0	0	4.9	30.3	5.2
2024-01-01T11:33:33.047Z	0	0	0	4.9	30.2	5.2
2024-01-01T11:41:54.660Z	0	0	0	4.9	30.2	5.2
2024-01-01T11:50:11.792Z	0	0	0	4.9	30.2	5.2
2024-01-01T11:58:24.650Z	0	0	0	4.9	29.2	4.8
2024-01-01T12:10:27.347Z	0	0	0	4.9	29.2	4.8
2024-01-01T12:24:46.120Z	0	0	0	4.9	29.2	4.8
2024-01-01T12:40:13.725Z	0	0	0	4.5	30.1	5.0
2024-01-01T12:52:42.452Z	0	0	0	4.5	30.1	5.0
2024-01-01T13:02:09.274Z	0	0	0	4.9	30.1	4.9
2024-01-01T13:13:18.464Z	0	0	0	4.9	30.1	4.9
2024-01-01T13:25:04.642Z	0	0	0	4.9	30.1	4.9
2024-01-01T13:33:28.279Z	0	0	0	5.3	30.4	4.7
2024-01-01T13:41:36.361Z	0	0	0	5.3	30.4	4.7
2024-01-01T13:49:58.145Z	0	0	0	5.3	30.4	4.7
2024-01-01T13:58:17.204Z	0	0	0	5.2	30.7	4.8
2024-01-01T14:08:16.581Z	0	0	0	5.2	30.7	4.8
2024-01-01T14:19:27.883Z	0	0	0	5.2	30.7	4.8
2024-01-01T14:29:24.280Z	0	0	0	4.8	31.0	4.7
2024-01-01T14:37:36.027Z	0	0	0	4.8	31.0	4.7
2024-01-01T14:46:05.123Z	0	0	0	4.8	31.0	4.7
2024-01-01T14:54:21.303Z	0	0	0	4.8	31.0	4.7
2024-01-01T15:02:44.280Z	0	0	0	4.1	31.2	4.7
2024-01-01T15:13:24.351Z	0	0	0	4.1	31.2	4.7
2024-01-01T15:23:40.497Z	0	0	0	4.1	31.2	4.7
2024-01-01T15:31:49.023Z	0	0	0	3.8	31.5	4.7
2024-01-01T15:40:17.225Z	0	0	0	3.8	31.5	4.7
2024-01-01T15:48:39.881Z	0	0	0	3.8	31.5	4.7
2024-01-01T15:56:50.254Z	0	0	0	3.7	31.7	4.7
2024-01-01T16:06:31.211Z	0	0	0	3.7	31.7	4.7
2024-01-01T16:18:34.224Z	0	0	0	3.7	31.7	4.7
2024-01-01T16:30:32.981Z	0	0	0	4.2	32.0	4.6
2024-01-01T16:39:42.224Z	0	0	0	4.2	32.0	4.6
2024-01-01T16:47:50.587Z	0	0	0	4.2	32.0	4.6
2024-01-01T16:56:11.386Z	0	0	0	4.2	32.0	4.6
2024-01-01T17:05:24.120Z	0	0	0	4.1	32.1	4.7
2024-01-01T17:16:06.509Z	0	0	0	4.1	32.1	4.7
2024-01-01T17:26:29.247Z	0	0	0	4.1	32.1	4.7
2024-01-01T17:34:55.855Z	0	0	0	4.3	32.4	4.6
2024-01-01T17:43:16.502Z	0	0	0	4.3	32.4	4.6
2024-01-01T17:51:33.858Z	0	0	0	4.3	32.4	4.6
2024-01-01T17:59:43.679Z	0	0	0	4.5	31.8	5.0
2024-01-01T18:10:29.786Z	0	0	0	4.5	31.8	5.0
2024-01-01T18:23:24.985Z	0	0	0	4.5	31.8	5.0
2024-01-01T18:32:41.335Z	0	0	0	4.4	32.9	5.0
2024-01-01T18:40:50.352Z	0	0	0	4.4	32.9	5.0
2024-01-01T18:49:03.702Z	0	0	0	4.4	32.9	5.0
2024-01-01T18:57:21.163Z	0	0	0	4.5	33.1	4.9
2024-01-01T19:06:50.562Z	0	0	0	4.5	33.1	4.9
2024-01-01T19:16:59.082Z	0	0	0	4.5	33.1	4.9
2024-01-01T19:25:22.958Z	0	0	0	4.5	33.1	4.9
2024-01-01T19:33:48.874Z	0	0	0	4.4	33.3	4.8
2024-01-01T19:42:09.085Z	0	0	0	4.4	33.3	4.8
2024-01-01T19:50:21.208Z	0	0	0	4.4	33.3	4.8
2024-01-01T19:58:42.264Z	0	0	0	4.5	33.1	4.8
2024-01-01T20:08:54.178Z	0	0	0	4.5	33.1	4.8
2024-01-01T20:20:40.061Z	0	0	0	4.5	33.1	4.8
2024-01-01T20:28:49.270Z	0	0	0	4.6	33.6	4.7
2024-01-01T20:37:20.069Z	0	0	0	4.6	33.6	4.7
2024-01-01T20:45:40.063Z	0	0	0	4.6	33.6	4.7
2024-01-01T20:53:59.676Z	0	0	0	4.6	33.6	4.7
2024-01-01T21:02:23.797Z	0	0	0	4.6	33.8	4.7
2024-01-01T21:12:42.872Z	0	0	0	4.6	33.8	4.7
2024-01-01T21:21:42.494Z	0	0	0	4.6	33.8	4.7
2024-01-01T21:30:08.158Z	0	0	0	4.4	34.0	4.8
2024-01-01T21:38:20.801Z	0	0	0	4.4	34.0	4.8
2024-01-01T21:46:38.261Z	0	0	0	4.4	34.0	4.8
2024-01-01T21:55:07.848Z	0	0	0	4.4	34.0	4.8
2024-01-01T22:04:06.300Z	0	0	0	3.9	33.5	5.0
2024-01-01T22:14:48.861Z	0	0	0	3.9	33.5	5.0
2024-01-01T22:26:10.187Z	0	0	0	3.9	33.5	5.0
2024-01-01T22:34:28.069Z	0	0	0	3.8	34.3	4.7
2024-01-01T22:42:44.692Z	0	0	0	3.8	34.3	4.7
2024-01-01T22:50:55.818Z	0	0	0	3.8	34.3	4.7
2024-01-01T22:59:05.255Z	0	0	0	3.9	33.5	4.8
2024-01-01T23:09:17.658Z	0	0	0	3.9	33.5	4.8
2024-01-01T23:20:48.193Z	0	0	0	3.9	33.5	4.8
2024-01-01T23:29:03.395Z	0	0	0	3.7	34.6	5.2
2024-01-01T23:37:46.614Z	0	0	0	3.7	34.6	5.2
2024-01-01T23:46:04.696Z	0	0	0	3.7	34.6	5.2
2024-01-01T23:54:29.045Z	0	0	0	3.7	34.6	5.2
2024-01-02T00:04:45.098Z	0	0	0	4.0	33.6	4.9
2024-01-02T00:26:09.501Z	0	0	0	4.0	33.6	4.9
2024-01-02T00:48:58.999Z	0	0	0	4.0	34.9	4.9
2024-01-02T01:21:05.922Z	0	0	0	4.2	34.4	4.8
2024-01-02T01:45:19.420Z	0	0	0	3.4	35.1	5.3
2024-01-02T02:07:19.052Z	0	0	0	3.9	35.0	5.2
2024-01-02T02:22:15.083Z	0	0	0	3.9	35.0	5.2
2024-01-02T02:35:38.781Z	0	0	0	4.2	35.1	5.2
2024-01-02T02:44:39.967Z	0	0	0	4.2	35.1	5.2
2024-01-02T02:53:09.045Z	0	0	0	4.2	35.1	5.2
2024-01-02T03:01:20.163Z	0	0	0	4.2	35.0	5.5
2024-01-02T03:12:01.331Z	0	0	0	4.2	35.0	5.5
2024-01-02T03:23:02.529Z	0	0	0	4.2	35.0	5.5
2024-01-02T03:31:17.103Z	0	0	0	4.4	35.0	5.1
2024-01-02T03:39:40.136Z	0	0	0	4.4	35.0	5.1
2024-01-02T03:48:01.836Z	0	0	0	4.4	35.0	5.1
2024-01-02T03:56:23.438Z	0	0	0	4.4	35.0	5.1
2024-01-02T04:05:51.492Z	0	0	0	4.3	34.9	5.4
2024-01-02T04:17:43.584Z	0	0	0	4.3	34.9	5.4
2024-01-02T04:28:53.353Z	0	0	0	4.1	34.4	5.4
2024-01-02T04:37:34.529Z	0	0	0	4.1	34.4	5.4
2024-01-02T04:45:56.113Z	0	0	0	4.1	34.4	5.4
2024-01-02T04:54:18.329Z	0	0	0	4.1	34.4	5.4
2024-01-02T05:02:40.776Z	0	0	0	4.1	34.8	5.5
2024-01-02T05:13:21.376Z	0	0	0	4.1	34.8	5.5
2024-01-02T05:24:55.978Z	0	0	0	4.1	34.8	5.5
2024-01-02T05:33:15.491Z	0	0	0	4.1	34.3	5.3
2024-01-02T05:41:32.449Z	0	0	0	4.1	34.3	5.3
2024-01-02T05:49:53.515Z	0	0	0	4.1	34.3	5.3
2024-01-02T05:58:16.883Z	0	0	0	4.1	34.5	5.1
2024-01-02T06:08:58.592Z	9	9	9	4.1	34.5	5.1
2024-01-02T06:21:41.165Z	11	11	11	4.1	34.5	5.1
2024-01-02T06:32:07.171Z	14	14	14	4.2	34.1	5.1
2024-01-02T06:40:49.457Z	21	21	21	4.2	34.1	5.1
2024-01-02T06:49:04.373Z	27	29	29	4.2	34.1	5.1
2024-01-02T06:57:32.860Z	29	31	31	3.9	33.6	5.1
2024-01-02T07:07:29.167Z	31	38	38	3.9	33.6	5.1
2024-01-02T07:18:35.837Z	33	42	42	3.9	33.6	5.1
2024-01-02T07:26:54.367Z	34	44	44	4.2	33.1	5.1
2024-01-02T07:35:16.318Z	34	44	44	4.2	33.1	5.1
2024-01-02T07:43:30.962Z	35	48	48	4.2	33.1	5.1
2024-01-02T07:51:44.478Z	29	48	48	4.2	33.1	5.1
2024-01-02T07:59:51.619Z	25	50	50	4.0	32.8	5.8
2024-01-02T08:10:49.126Z	29	56	56	4.0	32.8	5.8
2024-01-02T08:23:46.098Z	33	63	63	4.0	32.8	5.8
2024-01-02T08:32:45.628Z	30	66	66	4.0	31.0	5.6
2024-01-02T08:41:10.066Z	29	68	68	4.0	31.0	5.6
2024-01-02T08:49:23.117Z	31	71	71	4.0	31.0	5.6
2024-01-02T08:57:38.778Z	31	72	72	4.0	32.0	5.6
2024-01-02T09:07:42.780Z	35	77	77	4.0	32.0	5.6
2024-01-02T09:19:14.160Z	42	85	85	4.0	32.0	5.6
2024-01-02T09:27:23.634Z	46	89	89	4.0	31.7	5.4
2024-01-02T09:36:03.889Z	46	89	89	4.0	31.7	5.4
2024-01-02T09:44:17.552Z	63	109	109	4.0	31.7	5.4
2024-01-02T09:52:41.041Z	69	117	117	4.0	31.7	5.4
2024-01-02T10:00:50.824Z	81	135	135	3.9	31.5	5.5
2024-01-02T10:11:31.575Z	88	143	143	3.9	31.5	5.5
2024-01-02T10:23:51.366Z	104	166	166	3.9	31.5	5.5
2024-01-02T10:33:28.048Z	112	178	178	3.8	31.3	5.5
2024-01-02T10:41:51.527Z	125	196	196	3.8	31.3	5.5
2024-01-02T10:50:12.218Z	126	203	203	3.8	31.3	5.5
2024-01-02T10:58:47.493Z	129	215	215	3.7	31.2	5.4
2024-01-02T11:08:39.750Z	139	228	228	3.7	31.2	5.4
2024-01-02T11:18:35.168Z	141	234	234	3.7	31.2	5.4
2024-01-02T11:27:01.209Z	137	238	238	3.4	30.9	5.5
2024-01-02T11:35:37.441Z	137	238	238	3.4	30.9	5.5
2024-01-02T11:43:54.170Z	121	238	238	3.4	30.9	5.5
2024-01-02T11:52:15.650Z	110	238	238	3.4	30.9	5.5
2024-01-02T12:00:41.997Z	96	238	238	3.8	30.8	5.7
2024-01-02T12:12:03.636Z	76	238	238	3.8	30.8	5.7
2024-01-02T12:26:57.953Z	59	240	240	3.8	26.6	5.9
2024-01-02T12:42:20.158Z	59	240	240	3.8	26.6	5.9
2024-01-02T12:54:22.808Z	59	240	240	3.8	26.6	5.9
2024-01-02T13:03:40.721Z	59	240	240	3.1	30.9	5.9
2024-01-02T13:15:01.838Z	59	240	240	3.1	30.9	5.9
2024-01-02T13:25:57.393Z	59	240	240	3.1	30.9	5.9
2024-01-02T13:34:23.378Z	59	240	240	3.4	31.2	6.0
2024-01-02T13:42:46.023Z	59	240	240	3.4	31.2	6.0
2024-01-02T13:51:05.723Z	59	240	240	3.4	31.2	6.0
2024-01-02T13:59:21.240Z	59	240	240	3.0	31.4	5.9
2024-01-02T14:09:27.937Z	59	240	240	3.0	31.4	5.9
2024-01-02T14:20:43.033Z	59	240	240	3.0	31.4	5.9
2024-01-02T14:30:18.005Z	59	240	240	2.7	31.7	5.8
2024-01-02T14:38:38.922Z	59	240	240	2.7	31.7	5.8
2024-01-02T14:47:05.744Z	59	240	240	2.7	31.7	5.8
2024-01-02T14:55:20.101Z	59	240	240	2.7	31.7	5.8
2024-01-02T15:04:16.719Z	59	240	240	2.7	32.0	5.8
2024-01-02T15:15:18.078Z	59	240	240	2.7	32.0	5.8
2024-01-02T15:25:29.304Z	59	240	240	2.7	32.0	5.8
2024-01-02T15:34:00.320Z	59	240	240	2.6	32.3	5.9
2024-01-02T15:42:21.487Z	59	240	240	2.6	32.3	5.9
2024-01-02T15:50:41.801Z	59	240	240	2.6	32.3	5.9
2024-01-02T15:58:50.872Z	59	240	240	2.0	32.3	5.8
2024-01-02T16:09:25.601Z	59	240	240	2.0	32.3	5.8
2024-01-02T16:21:54.344Z	59	240	240	2.0	32.3	5.8
2024-01-02T16:32:49.803Z	59	240	240	2.0	32.7	6.0
2024-01-02T16:41:53.768Z	59	240	240	2.0	32.7	6.0
2024-01-02T16:50:03.873Z	59	240	240	2.0	32.7	6.0
2024-01-02T16:58:25.212Z	59	240	240	1.8	32.8	6.2
2024-01-02T17:08:18.921Z	59	240	240	1.8	32.8	6.2
2024-01-02T17:19:32.675Z	59	240	240	1.8	32.8	6.2
2024-01-02T17:29:14.827Z	59	240	240	1.5	33.1	6.0
2024-01-02T17:37:39.854Z	59	240	240	1.5	33.1	6.0
2024-01-02T17:45:51.106Z	59	240	240	1.5	33.1	6.0
2024-01-02T17:54:13.105Z	59	240	240	1.5	33.1	6.0
2024-01-02T18:02:38.023Z	59	240	240	1.4	32.5	6.1
2024-01-02T18:14:01.720Z	59	240	240	1.4	32.5	6.1
2024-01-02T18:26:49.796Z	59	240	240	1.2	33.5	6.2
2024-01-02T18:35:43.344Z	59	240	240	1.2	33.5	6.2
2024-01-02T18:43:47.031Z	59	240	240	1.2	33.5	6.2
2024-01-02T18:51:57.657Z	59	240	240	1.2	33.5	6.2
2024-01-02T19:00:18.577Z	59	240	240	1.1	33.8	6.2
2024-01-02T19:10:11.733Z	59	240	240	1.1	33.8	6.2
2024-01-02T19:18:54.959Z	59	240	240	1.1	33.8	6.2
2024-01-02T19:27:12.317Z	59	240	240	0.9	33.9	5.9
2024-01-02T19:35:41.785Z	59	240	240	0.9	33.9	5.9
2024-01-02T19:43:56.330Z	59	240	240	0.9	33.9	5.9
2024-01-02T19:52:19.466Z	59	240	240	0.9	33.9	5.9
2024-01-02T20:00:28.775Z	59	240	240	0.8	34.1	5.9
2024-01-02T20:10:56.220Z	59	240	240	0.8	34.1	5.9
2024-01-02T20:22:23.362Z	59	240	240	0.8	34.1	5.9
2024-01-02T20:30:41.438Z	59	240	240	0.7	34.2	6.0
2024-01-02T20:39:06.271Z	59	240	240	0.7	34.2	6.0
2024-01-02T20:47:24.981Z	59	240	240	0.7	34.2	6.0
2024-01-02T20:55:45.968Z	59	240	240	0.7	34.2	6.0
2024-01-02T21:04:43.945Z	59	240	240	0.5	34.5	6.0
2024-01-02T21:15:12.988Z	59	240	240	0.5	34.5	6.0
2024-01-02T21:23:42.568Z	59	240	240	0.5	34.5	6.0
2024-01-02T21:31:59.422Z	59	240	240	0.6	33.9	6.1
2024-01-02T21:40:27.241Z	59	240	240	0.6	33.9	6.1
2024-01-02T21:48:40.901Z	59	240	240	0.6	33.9	6.1
2024-01-02T21:56:57.826Z	59	240	240	0.3	34.9	7.0
2024-01-02T22:06:30.443Z	59	240	240	0.3	34.9	7.0
2024-01-02T22:17:27.156Z	59	240	240	0.3	34.9	7.0
2024-01-02T22:28:14.868Z	59	240	240	0.1	35.0	6.3
2024-01-02T22:36:44.082Z	59	240	240	0.1	35.0	6.3
2024-01-02T22:45:08.779Z	59	240	240	0.1	35.0	6.3
2024-01-02T22:53:27.346Z	59	240	240	0.1	35.0	6.3
2024-01-02T23:01:44.160Z	59	240	240	0.3	35.1	6.4
2024-01-02T23:12:21.430Z	59	240	240	0.3	35.1	6.4
2024-01-02T23:22:25.723Z	59	240	240	0.3	35.1	6.4
2024-01-02T23:30:45.799Z	59	240	240	0.3	35.2	5.9
2024-01-02T23:39:23.105Z	59	240	240	0.3	35.2	5.9
2024-01-02T23:47:40.230Z	59	240	240	0.3	35.2	5.9
2024-01-02T23:56:03.555Z	59	240	240	0.3	35.2	5.9
2024-01-03T00:14:12.882Z	3	3	240	0.4	35.1	5.9
2024-01-03T00:32:16.180Z	3	3	240	0.3	35.1	6.1
2024-01-03T00:57:39.303Z	3	3	240	0.5	35.0	6.0
2024-01-03T01:30:50.108Z	3	3	240	0.6	34.4	6.0
2024-01-03T01:55:18.299Z	3	3	240	0.6	34.4	6.0
2024-01-03T02:13:24.713Z	0	0	240	0.8	34.9	5.8
2024-01-03T02:28:09.767Z	0	0	240	0.6	33.8	5.9
2024-01-03T02:38:33.738Z	0	0	240	0.6	33.8	5.9
2024-01-03T02:46:51.844Z	0	0	240	0.6	33.8	5.9
2024-01-03T02:55:12.101Z	0	0	240	0.6	33.8	5.9
2024-01-03T03:04:09.133Z	0	0	240	0.6	34.6	6.0
2024-01-03T03:15:23.016Z	0	0	240	0.6	34.6	6.0
2024-01-03T03:25:47.284Z	0	0	240	0.6	34.6	6.0
2024-01-03T03:34:17.940Z	0	0	240	0.2	33.3	6.0
2024-01-03T03:42:41.548Z	0	0	240	0.2	33.3	6.0
2024-01-03T03:51:03.435Z	0	0	240	0.2	33.3	6.0
2024-01-03T03:59:13.855Z	0	0	240	0.0	34.3	6.0
2024-01-03T04:09:47.061Z	0	0	240	0.0	34.3	6.0
2024-01-03T04:22:25.060Z	0	0	240	0.0	34.3	6.0
2024-01-03T04:32:11.250Z	0	0	240	0.4	33.9	6.0
2024-01-03T04:40:34.923Z	0	0	240	0.4	33.9	6.0
2024-01-03T04:49:00.348Z	0	0	240	0.4	33.9	6.0
2024-01-03T04:57:18.529Z	0	0	240	0.2	34.0	6.1
2024-01-03T05:07:00.401Z	0	0	240	0.2	34.0	6.1
2024-01-03T05:18:36.571Z	0	0	240	0.2	34.0	6.1
2024-01-03T05:29:08.769Z	0	0	240	0.3	33.8	6.2
2024-01-03T05:37:29.850Z	0	0	240	0.3	33.8	6.2
2024-01-03T05:45:41.953Z	0	0	240	0.3	33.8	6.2
2024-01-03T05:53:55.256Z	0	0	240	0.3	33.8	6.2
2024-01-03T06:02:18.357Z	0	0	240	0.0	33.7	6.1
2024-01-03T06:13:43.441Z	0	0	240	0.0	33.7	6.1
2024-01-03T06:26:53.124Z	0	0	240	0.6	33.6	6.4
2024-01-03T06:35:56.361Z	0	0	240	0.6	33.6	6.4
2024-01-03T06:44:15.145Z	0	0	240	0.6	33.6	6.4
2024-01-03T06:52:33.240Z	0	0	240	0.6	33.6	6.4
2024-01-03T07:00:48.727Z	0	0	240	0.6	33.3	5.8
2024-01-03T07:11:07.185Z	0	0	240	0.6	33.3	5.8
2024-01-03T07:21:38.930Z	0	0	240	0.6	33.3	5.8
2024-01-03T07:30:00.823Z	0	0	240	0.6	33.3	5.8
2024-01-03T07:38:19.129Z	0	0	240	0.6	33.3	5.8
2024-01-03T07:46:43.079Z	0	0	240	0.6	33.3	5.8
2024-01-03T07:55:03.435Z	0	0	240	0.6	33.3	5.8
2024-01-03T08:04:03.366Z	0	0	240	0.2	33.1	5.8
2024-01-03T08:15:36.779Z	0	0	240	0.2	33.1	5.8
2024-01-03T08:27:36.076Z	0	0	240	0.1	33.1	5.8
2024-01-03T08:36:29.796Z	0	0	240	0.1	33.1	5.8
2024-01-03T08:44:53.694Z	0	0	240	0.1	33.1	5.8
2024-01-03T08:53:18.390Z	0	0	240	0.1	33.1	5.8
2024-01-03T09:01:45.146Z	0	0	240	0.0	33.0	5.8
2024-01-03T09:12:29.806Z	0	0	240	0.0	33.0	5.8
2024-01-03T09:23:40.891Z	0	0	240	0.0	33.0	5.8
2024-01-03T09:31:55.305Z	0	0	240	0.2	32.9	5.9
2024-01-03T09:40:18.367Z	0	0	240	0.2	32.9	5.9
2024-01-03T09:48:35.480Z	0	0	240	0.2	32.9	5.9
2024-01-03T09:56:51.929Z	0	0	240	0.7	32.8	5.8
2024-01-03T10:06:32.931Z	0	0	240	0.7	32.8	5.8
2024-01-03T10:18:10.750Z	0	0	240	0.7	32.8	5.8
2024-01-03T10:29:58.843Z	0	0	240	0.5	32.8	5.8
2024-01-03T10:38:37.408Z	0	0	240	0.5	32.8	5.8
2024-01-03T10:47:00.012Z	0	0	240	0.5	32.8	5.8
2024-01-03T10:55:18.223Z	0	0	240	0.5	32.8	5.8
2024-01-03T11:04:00.734Z	0	0	240	0.2	32.8	6.2
2024-01-03T11:14:30.371Z	0	0	240	0.2	32.8	6.2
2024-01-03T11:22:54.215Z	0	0	240	0.2	32.8	6.2
2024-01-03T11:31:08.689Z	0	0	240	0.2	31.8	6.2
2024-01-03T11:39:27.795Z	0	0	240	0.2	31.8	6.2
2024-01-03T11:47:37.973Z	0	0	240	0.2	31.8	6.2
2024-01-03T11:56:10.760Z	0	0	240	0.2	31.8	6.2
2024-01-03T12:06:40.496Z	0	0	240	0.7	32.7	6.5
2024-01-03T12:19:51.677Z	0	0	240	0.7	32.7	6.5
2024-01-03T12:37:01.096Z	0	0	240	0.0	32.3	5.9
2024-01-03T12:50:12.161Z	0	0	240	0.0	32.3	5.9
2024-01-03T13:00:42.799Z	0	0	240	0.1	32.8	5.6
2024-01-03T13:11:34.651Z	0	0	240	0.1	32.8	5.6
2024-01-03T13:24:12.143Z	0	0	240	0.1	32.8	5.6
2024-01-03T13:32:31.861Z	0	0	240	-0.1	32.8	6.2
2024-01-03T13:40:57.480Z	0	0	240	-0.1	32.8	6.2
2024-01-03T13:49:20.230Z	0	0	240	-0.1	32.8	6.2
2024-01-03T13:57:45.862Z	0	0	240	-0.4	32.9	6.8
2024-01-03T14:07:43.444Z	0	0	240	-0.4	32.9	6.8
2024-01-03T14:19:04.656Z	0	0	240	-0.4	32.9	6.8
2024-01-03T14:29:25.327Z	0	0	240	-1.0	33.0	6.6
2024-01-03T14:37:51.143Z	0	0	240	-1.0	33.0	6.6
2024-01-03T14:46:10.474Z	0	0	240	-1.0	33.0	6.6
2024-01-03T14:54:32.126Z	0	0	240	-1.0	33.0	6.6
2024-01-03T15:03:16.291Z	0	0	240	-0.1	33.0	6.5
2024-01-03T15:14:20.333Z	0	0	240	-0.1	33.0	6.5
2024-01-03T15:24:34.008Z	26	26	266	-0.1	33.0	6.5
2024-01-03T15:32:46.333Z	51	51	291	-0.7	33.1	6.8
2024-01-03T15:41:00.774Z	69	69	310	-0.7	33.1	6.8
2024-01-03T15:49:07.258Z	72	75	315	-0.7	33.1	6.8
2024-01-03T15:57:15.962Z	81	84	324	-1.0	32.7	5.7
2024-01-03T16:07:32.031Z	83	88	328	-1.0	32.7	5.7
2024-01-03T16:19:49.991Z	87	96	336	-1.0	32.7	5.7
2024-01-03T16:31:09.729Z	87	99	339	-0.7	32.6	6.0
2024-01-03T16:40:38.790Z	91	109	349	-0.7	32.6	6.0
2024-01-03T16:48:51.035Z	95	121	361	-0.7	32.6	6.0
2024-01-03T16:57:09.103Z	96	128	368	-1.3	32.5	6.4
2024-01-03T17:06:49.053Z	96	128	368	-1.3	32.5	6.4
2024-01-03T17:17:40.802Z	88	134	374	-1.3	32.5	6.4
2024-01-03T17:27:46.900Z	84	141	381	-1.2	32.4	6.6
2024-01-03T17:36:09.164Z	84	141	381	-1.2	32.4	6.6
2024-01-03T17:44:21.781Z	75	142	382	-1.2	32.4	6.6
2024-01-03T17:52:38.088Z	71	145	385	-1.2	32.4	6.6
2024-01-03T18:00:48.238Z	67	147	388	-1.3	32.2	6.3
2024-01-03T18:11:47.004Z	68	150	390	-1.3	32.2	6.3
2024-01-03T18:25:05.531Z	67	158	398	-1.3	32.2	6.3
2024-01-03T18:33:50.085Z	71	162	402	-1.5	32.3	6.7
2024-01-03T18:42:20.180Z	69	162	402	-1.5	32.3	6.7
2024-01-03T18:50:40.660Z	67	162	402	-1.5	32.3	6.7
2024-01-03T18:58:50.567Z	68	163	403	-1.5	32.5	6.0
2024-01-03T19:08:40.163Z	64	163	403	-1.5	32.5	6.0
2024-01-03T19:18:13.211Z	66	167	407	-1.5	32.5	6.0
2024-01-03T19:26:37.680Z	66	167	407	-1.5	32.5	6.0
2024-01-03T19:35:03.343Z	64	174	414	-1.3	32.6	6.3
2024-01-03T19:43:17.129Z	60	174	414	-1.3	32.6	6.3
2024-01-03T19:51:30.717Z	58	174	414	-1.3	32.6	6.3
2024-01-03T19:59:40.606Z	55	174	414	-1.2	32.3	5.8
2024-01-03T20:10:08.697Z	48	174	414	-1.2	32.3	5.8
2024-01-03T20:21:04.444Z	44	174	414	-1.2	32.3	5.8
2024-01-03T20:29:30.841Z	46	175	415	-1.8	32.6	5.7
2024-01-03T20:37:58.191Z	46	175	415	-1.8	32.6	5.7
2024-01-03T20:46:19.266Z	46	175	415	-1.8	32.6	5.7
2024-01-03T20:54:32.333Z	46	175	415	-1.8	32.6	5.7
2024-01-03T21:03:21.607Z	46	175	415	-1.7	32.8	6.1
2024-01-03T21:13:34.396Z	46	175	415	-1.7	32.8	6.1
2024-01-03T21:22:34.198Z	46	175	415	-1.7	32.8	6.1
2024-01-03T21:30:56.127Z	46	175	415	-1.9	33.3	5.7
2024-01-03T21:39:18.779Z	46	175	415	-1.9	33.3	5.7
2024-01-03T21:47:26.287Z	46	175	415	-1.9	33.3	5.7
2024-01-03T21:55:45.679Z	46	175	415	-1.9	33.3	5.7
2024-01-03T22:04:49.430Z	46	175	415	-1.8	33.6	5.1
2024-01-03T22:15:47.823Z	46	175	415	-1.8	33.6	5.1
2024-01-03T22:27:10.419Z	46	175	415	-2.0	33.9	4.9
2024-01-03T22:35:34.649Z	46	175	415	-2.0	33.9	4.9
2024-01-03T22:43:45.682Z	46	175	415	-2.0	33.9	4.9
2024-01-03T22:51:52.225Z	46	175	415	-2.0	33.9	4.9
2024-01-03T23:00:09.034Z	46	175	415	-2.6	34.2	5.0
2024-01-03T23:10:38.183Z	46	175	415	-2.6	34.2	5.0
2024-01-03T23:22:22.499Z	46	175	415	-2.6	34.2	5.0
2024-01-03T23:30:52.501Z	46	175	415	-2.7	34.4	5.1
2024-01-03T23:39:18.508Z	46	175	415	-2.7	34.4	5.1
2024-01-03T23:47:45.011Z	46	175	415	-2.7	34.4	5.1
2024-01-03T23:56:06.033Z	46	175	415	-2.7	34.4	5.1
2024-01-04T00:14:27.678Z	4	4	415	-2.8	34.7	5.6
2024-01-04T00:32:39.313Z	4	4	415	-2.7	34.8	6.0
2024-01-04T00:58:16.597Z	4	4	415	-2.8	35.0	4.9
2024-01-04T01:31:46.432Z	4	4	415	-2.8	35.0	4.9
2024-01-04T01:56:23.552Z	4	4	415	-2.9	35.0	5.9
2024-01-04T02:15:10.923Z	0	0	415	-3.2	35.1	6.1
2024-01-04T02:30:26.164Z	0	0	415	-3.1	35.1	6.1
2024-01-04T02:40:52.425Z	0	0	415	-3.1	35.1	6.1
2024-01-04T02:49:16.458Z	0	0	415	-3.1	35.1	6.1
2024-01-04T02:57:39.801Z	0	0	415	-3.2	35.1	5.5
2024-01-04T03:07:54.907Z	0	0	415	-3.2	35.1	5.5
2024-01-04T03:19:38.522Z	0	0	415	-3.2	35.1	5.5
2024-01-04T03:28:11.415Z	0	0	415	-3.3	35.1	6.2
2024-01-04T03:36:51.288Z	0	0	415	-3.3	35.1	6.2
2024-01-04T03:45:06.891Z	0	0	415	-3.3	35.1	6.2
2024-01-04T03:53:23.049Z	0	0	415	-3.3	35.1	6.2
2024-01-04T04:01:33.712Z	0	0	415	-3.4	35.1	6.1
2024-01-04T04:12:35.447Z	0	0	415	-3.4	35.1	6.1
2024-01-04T04:25:18.108Z	0	0	415	-3.4	35.1	6.1
2024-01-04T04:34:06.545Z	0	0	415	-3.2	34.3	6.1
2024-01-04T04:42:32.894Z	0	0	415	-3.2	34.3	6.1
2024-01-04T04:50:47.916Z	0	0	415	-3.2	34.3	6.1
2024-01-04T04:59:18.099Z	0	0	415	-2.9	34.8	5.8
2024-01-04T05:09:31.181Z	0	0	415	-2.9	34.8	5.8
2024-01-04T05:21:03.572Z	0	0	415	-2.9	34.8	5.8
2024-01-04T05:30:45.731Z	0	0	415	-2.5	34.7	5.8
2024-01-04T05:39:14.551Z	0	0	415	-2.5	34.7	5.8
2024-01-04T05:47:30.792Z	0	0	415	-2.5	34.7	5.8
2024-01-04T05:55:46.506Z	0	0	415	-2.5	34.7	5.8
2024-01-04T06:05:26.945Z	0	0	415	-2.6	34.5	5.9
2024-01-04T06:17:30.829Z	0	0	415	-2.6	34.5	5.9
2024-01-04T06:29:45.203Z	0	0	415	-2.2	34.4	6.0
2024-01-04T06:38:46.934Z	0	0	415	-2.2	34.4	6.0
2024-01-04T06:46:59.608Z	0	0	415	-2.2	34.4	6.0
2024-01-04T06:55:14.963Z	0	0	415	-2.2	34.4	6.0
2024-01-04T07:04:07.339Z	0	0	415	-2.0	34.2	5.0
2024-01-04T07:14:54.971Z	0	0	415	-2.0	34.2	5.0
2024-01-04T07:23:40.966Z	0	0	415	-2.0	34.2	5.0
2024-01-04T07:31:50.440Z	0	0	415	-2.1	34.0	5.5
2024-01-04T07:40:11.851Z	0	0	415	-2.1	34.0	5.5
2024-01-04T07:48:34.390Z	0	0	415	-2.1	34.0	5.5
2024-01-04T07:56:57.303Z	0	0	415	-1.8	33.8	5.4
2024-01-04T08:07:17.399Z	0	0	415	-1.8	33.8	5.4
2024-01-04T08:19:27.486Z	0	0	415	-1.8	33.8	5.4
2024-01-04T08:30:12.612Z	0	0	415	-1.8	33.6	6.1
2024-01-04T08:38:45.929Z	0	0	415	-1.8	33.6	6.1
2024-01-04T08:46:53.709Z	0	0	415	-1.8	33.6	6.1
2024-01-04T08:55:10.987Z	0	0	415	-1.8	33.6	6.1
2024-01-04T09:04:09.930Z	0	0	415	-2.1	33.5	6.0
2024-01-04T09:15:09.886Z	0	0	415	-2.1	33.5	6.0
2024-01-04T09:25:12.254Z	0	0	415	-2.1	33.5	6.0
2024-01-04T09:33:51.076Z	0	0	415	-2.1	32.7	6.0
2024-01-04T09:42:05.850Z	0	0	415	-2.1	32.7	6.0
2024-01-04T09:50:16.056Z	0	0	415	-2.1	32.7	6.0
2024-01-04T09:58:38.975Z	0	0	415	-2.0	33.1	5.9
2024-01-04T10:08:56.316Z	0	0	415	-2.0	33.1	5.9
2024-01-04T10:20:58.424Z	0	0	415	-2.0	33.1	5.9
2024-01-04T10:32:11.642Z	0	0	415	-1.8	33.0	5.9
2024-01-04T10:40:54.768Z	0	0	415	-1.8	33.0	5.9
2024-01-04T10:49:11.379Z	0	0	415	-1.8	33.0	5.9
2024-01-04T10:57:35.487Z	0	0	415	-1.8	32.9	5.8
2024-01-04T11:07:00.171Z	0	0	415	-1.8	32.9	5.8
2024-01-04T11:17:45.704Z	0	0	415	-1.8	32.9	5.8
2024-01-04T11:25:59.275Z	0	0	415	-1.8	32.9	5.8
2024-01-04T11:34:30.189Z	0	0	415	-1.6	32.7	5.6
2024-01-04T11:42:53.902Z	0	0	415	-1.6	32.7	5.6
2024-01-04T11:51:12.107Z	0	0	415	-1.6	32.7	5.6
2024-01-04T11:59:35.864Z	0	0	415	-1.7	32.7	5.7
2024-01-04T12:10:43.977Z	0	0	415	-1.7	32.7	5.7
2024-01-04T12:25:05.322Z	0	0	415	-1.7	32.7	5.7
2024-01-04T12:40:34.449Z	0	0	415	-1.7	32.2	5.7
2024-01-04T12:53:04.496Z	0	0	415	-1.7	32.2	5.7
2024-01-04T13:02:39.695Z	0	0	415	-1.5	32.5	5.6
2024-01-04T13:13:54.229Z	0	0	415	-1.5	32.5	5.6
2024-01-04T13:27:58.374Z	0	0	415	-1.2	32.5	5.6
2024-01-04T13:36:48.891Z	0	0	415	-1.2	32.5	5.6
2024-01-04T13:44:59.715Z	0	0	415	-1.2	32.5	5.6
2024-01-04T13:53:22.824Z	0	0	415	-1.2	32.5	5.6
2024-01-04T14:01:33.375Z	0	0	415	-1.5	32.4	5.7
2024-01-04T14:11:55.850Z	0	0	415	-1.5	32.4	5.7
2024-01-04T14:23:13.470Z	0	0	415	-1.5	32.4	5.7
2024-01-04T14:32:08.603Z	0	0	415	-1.7	32.4	5.7
2024-01-04T14:40:29.307Z	0	0	415	-1.7	32.4	5.7
2024-01-04T14:48:50.177Z	0	0	415	-1.7	32.4	5.7
2024-01-04T14:56:58.809Z	0	0	415	-1.7	32.5	5.8
2024-01-04T15:06:36.927Z	0	0	415	-1.7	32.5	5.8
2024-01-04T15:18:23.244Z	56	58	473	-1.7	32.5	5.8
2024-01-04T15:28:30.451Z	76	77	493	-1.3	32.5	5.8
2024-01-04T15:37:00.930Z	88	91	506	-1.3	32.5	5.8
2024-01-04T15:45:18.516Z	88	91	506	-1.3	32.5	5.8
2024-01-04T15:53:34.100Z	91	96	512	-1.3	32.5	5.8
2024-01-04T16:01:49.899Z	97	106	522	-1.8	32.1	5.8
2024-01-04T16:13:09.135Z	99	113	529	-1.8	32.1	5.8
2024-01-04T16:26:47.698Z	99	120	535	-1.7	32.0	5.8
2024-01-04T16:37:47.245Z	89	126	542	-1.7	32.0	5.8
2024-01-04T16:46:09.082Z	89	126	542	-1.7	32.0	5.8
2024-01-04T16:54:29.132Z	93	134	550	-1.7	32.0	5.8
2024-01-04T17:03:00.124Z	95	139	555	-1.5	31.8	5.8
2024-01-04T17:13:30.317Z	96	145	561	-1.5	31.8	5.8
2024-01-04T17:24:33.676Z	104	158	574	-1.5	31.8	5.8
2024-01-04T17:32:56.080Z	108	171	587	-2.0	31.8	5.9
2024-01-04T17:41:12.491Z	105	180	596	-2.0	31.8	5.9
2024-01-04T17:49:26.266Z	105	186	601	-2.0	31.8	5.9
2024-01-04T17:57:33.048Z	102	190	605	-2.0	31.7	5.8
2024-01-04T18:07:51.041Z	106	205	621	-2.0	31.7	5.8
2024-01-04T18:20:19.634Z	112	215	630	-2.0	31.7	5.8
2024-01-04T18:30:59.410Z	109	216	632	-2.1	31.7	5.9
2024-01-04T18:39:52.795Z	116	224	640	-2.1	31.7	5.9
2024-01-04T18:48:14.985Z	112	227	642	-2.1	31.7	5.9
2024-01-04T18:56:28.880Z	112	227	642	-2.1	31.7	5.9
2024-01-04T19:05:31.485Z	106	227	642	-2.7	31.7	6.3
2024-01-04T19:15:56.663Z	106	232	648	-2.7	31.7	6.3
2024-01-04T19:24:14.818Z	105	236	652	-2.7	31.7	6.3
2024-01-04T19:32:36.039Z	95	236	652	-2.9	31.9	5.9
2024-01-04T19:40:47.344Z	91	237	653	-2.9	31.9	5.9
2024-01-04T19:48:58.038Z	84	237	653	-2.9	31.9	5.9
2024-01-04T19:57:14.738Z	80	237	653	-2.8	32.1	6.2
2024-01-04T20:07:23.996Z	64	238	654	-2.8	32.1	6.2
2024-01-04T20:18:59.805Z	56	238	654	-2.8	32.1	6.2
2024-01-04T20:27:47.089Z	56	238	654	-2.8	28.9	5.8
2024-01-04T20:36:37.219Z	56	238	654	-2.8	28.9	5.8
2024-01-04T20:44:53.835Z	56	238	654	-2.8	28.9	5.8
2024-01-04T20:53:07.373Z	56	238	654	-2.8	28.9	5.8
2024-01-04T21:01:24.762Z	56	238	654	-2.9	32.4	5.7
2024-01-04T21:11:46.328Z	56	238	654	-2.9	32.4	5.7
2024-01-04T21:21:20.721Z	56	238	654	-2.9	32.4	5.7
2024-01-04T21:29:46.717Z	56	238	654	-3.2	32.8	6.0
2024-01-04T21:38:10.593Z	56	238	654	-3.2	32.8	6.0
2024-01-04T21:46:32.538Z	56	238	654	-3.2	32.8	6.0
2024-01-04T21:54:48.808Z	56	238	654	-3.2	32.8	6.0
2024-01-04T22:03:23.141Z	56	238	654	-3.0	33.2	5.8
2024-01-04T22:14:14.714Z	56	238	654	-3.0	33.2	5.8
2024-01-04T22:25:42.024Z	56	238	654	-3.0	33.2	5.8
2024-01-04T22:34:25.336Z	56	238	654	-3.0	33.6	6.1
2024-01-04T22:42:49.351Z	56	238	654	-3.0	33.6	6.1
2024-01-04T22:50:59.852Z	56	238	654	-3.0	33.6	6.1
2024-01-04T22:59:23.334Z	56	238	654	-3.5	33.9	5.8
2024-01-04T23:09:51.655Z	56	238	654	-3.5	33.9	5.8
2024-01-04T23:21:39.166Z	56	238	654	-3.5	33.9	5.8
2024-01-04T23:30:00.574Z	56	238	654	-3.0	34.0	5.9
2024-01-04T23:38:29.783Z	56	238	654	-3.0	34.0	5.9
2024-01-04T23:46:47.602Z	56	238	654	-3.0	34.0	5.9
2024-01-04T23:54:58.918Z	56	238	654	-3.0	34.0	5.9
2024-01-05T00:07:43.893Z	5	5	654	-3.2	34.2	5.2
2024-01-05T00:27:10.930Z	5	5	654	-3.8	34.3	5.0
2024-01-05T00:50:29.359Z	5	5	654	-3.8	34.3	5.0
2024-01-05T01:23:11.051Z	5	5	654	-3.9	34.4	5.2
2024-01-05T01:46:12.844Z	5	5	654	-4.0	34.5	5.2
2024-01-05T02:06:53.021Z	0	0	654	-4.1	34.6	5.0
2024-01-05T02:21:34.854Z	0	0	654	-4.1	34.6	5.0
2024-01-05T02:35:07.903Z	0	0	654	-4.2	34.8	5.0
2024-01-05T02:44:19.450Z	0	0	654	-4.2	34.8	5.0
2024-01-05T02:52:42.888Z	0	0	654	-4.2	34.8	5.0
2024-01-05T03:01:04.066Z	0	0	654	-4.0	34.8	5.0
2024-01-05T03:11:43.227Z	0	0	654	-4.0	34.8	5.0
2024-01-05T03:22:48.233Z	0	0	654	-4.0	34.8	5.0
2024-01-05T03:31:06.101Z	0	0	654	-4.7	34.9	5.8
2024-01-05T03:39:33.188Z	0	0	654	-4.7	34.9	5.8
2024-01-05T03:47:55.438Z	0	0	654	-4.7	34.9	5.8
2024-01-05T03:56:14.517Z	0	0	654	-4.7	34.9	5.8
2024-01-05T04:05:52.348Z	0	0	654	-4.8	34.9	5.5
2024-01-05T04:17:46.027Z	0	0	654	-4.8	34.9	5.5
2024-01-05T04:29:25.457Z	0	0	654	-4.9	34.9	5.5
2024-01-05T04:38:10.228Z	0	0	654	-4.9	34.9	5.5
2024-01-05T04:46:35.580Z	0	0	654	-4.9	34.9	5.5
2024-01-05T04:55:01.979Z	0	0	654	-4.9	34.9	5.5
2024-01-05T05:03:39.903Z	0	0	654	-5.0	34.9	5.5
2024-01-05T05:14:31.185Z	0	0	654	-5.0	34.9	5.5
2024-01-05T05:25:56.766Z	0	0	654	-5.0	34.9	5.5
2024-01-05T05:34:25.337Z	0	0	654	-5.1	34.9	5.3
2024-01-05T05:42:54.816Z	0	0	654	-5.1	34.9	5.3
2024-01-05T05:51:02.942Z	0	0	654	-5.1	34.9	5.3
2024-01-05T05:59:15.994Z	0	0	654	-5.2	34.8	5.4
2024-01-05T06:10:00.392Z	0	0	654	-5.2	34.8	5.4
2024-01-05T06:22:59.882Z	0	0	654	-5.2	34.8	5.4
2024-01-05T06:33:08.610Z	0	0	654	-5.2	34.7	5.1
2024-01-05T06:41:49.877Z	0	0	654	-5.2	34.7	5.1
2024-01-05T06:50:11.473Z	0	0	654	-5.2	34.7	5.1
2024-01-05T06:58:36.295Z	0	0	654	-5.3	33.9	5.4
2024-01-05T07:08:34.666Z	0	0	654	-5.3	33.9	5.4
2024-01-05T07:19:25.355Z	0	0	654	-5.3	33.9	5.4
2024-01-05T07:27:46.223Z	0	0	654	-5.1	34.3	4.6
2024-01-05T07:36:14.940Z	0	0	654	-5.1	34.3	4.6
2024-01-05T07:44:36.863Z	0	0	654	-5.1	34.3	4.6
2024-01-05T07:53:05.815Z	0	0	654	-5.1	34.3	4.6
2024-01-05T08:01:22.040Z	0	0	654	-4.9	34.2	5.5
2024-01-05T08:12:33.690Z	0	0	654	-4.9	34.2	5.5
2024-01-05T08:25:43.168Z	0	0	654	-4.9	34.2	5.5
2024-01-05T08:34:32.554Z	0	0	654	-5.0	34.0	4.6
2024-01-05T08:42:59.444Z	0	0	654	-5.0	34.0	4.6
2024-01-05T08:51:13.501Z	0	0	654	-5.0	34.0	4.6
2024-01-05T08:59:37.226Z	0	0	654	-5.0	33.8	4.4
2024-01-05T09:09:57.018Z	0	0	654	-5.0	33.8	4.4
2024-01-05T09:21:06.007Z	0	0	654	-5.0	33.8	4.4
2024-01-05T09:29:17.837Z	0	0	654	-5.0	33.6	5.9
2024-01-05T09:37:49.325Z	0	0	654	-5.0	33.6	5.9
2024-01-05T09:46:14.198Z	0	0	654	-5.0	33.6	5.9
2024-01-05T09:54:33.940Z	0	0	654	-5.0	33.6	5.9
2024-01-05T10:03:15.738Z	0	0	654	-3.9	26.7	5.8
2024-01-05T10:14:25.277Z	0	0	654	-3.9	26.7	5.8
2024-01-05T10:26:43.470Z	0	0	654	-3.9	26.7	5.8
2024-01-05T10:35:48.037Z	0	0	654	-2.5	31.9	5.6
2024-01-05T10:43:58.067Z	0	0	654	-2.5	31.9	5.6
2024-01-05T10:52:21.325Z	0	0	654	-2.5	31.9	5.6
2024-01-05T11:00:43.045Z	0	0	654	-1.5	32.7	5.4
2024-01-05T11:10:54.615Z	0	0	654	-1.5	32.7	5.4
2024-01-05T11:20:16.696Z	0	0	654	-1.5	32.7	5.4
2024-01-05T11:28:33.159Z	0	0	654	-0.8	32.7	6.2
2024-01-05T11:36:54.906Z	0	0	654	-0.8	32.7	6.2
2024-01-05T11:45:05.848Z	0	0	654	-0.8	32.7	6.2
2024-01-05T11:53:35.577Z	0	0	654	-0.8	32.7	6.2
2024-01-05T12:01:50.557Z	0	0	654	-1.5	32.7	4.8
2024-01-05T12:13:41.980Z	0	0	654	-1.5	32.7	4.8
2024-01-05T12:29:05.006Z	0	0	654	-2.0	32.8	4.8
2024-01-05T12:44:15.685Z	0	0	654	-2.0	32.8	4.8
2024-01-05T12:56:06.869Z	0	0	654	-2.0	32.8	4.8
2024-01-05T13:06:04.860Z	0	0	654	-1.7	32.8	4.9
2024-01-05T13:17:56.864Z	0	0	654	-1.7	32.8	4.9
2024-01-05T13:27:51.900Z	0	0	654	-2.3	32.8	5.0
2024-01-05T13:36:17.904Z	0	0	654	-2.3	32.8	5.0
2024-01-05T13:44:34.047Z	0	0	654	-2.3	32.8	5.0
2024-01-05T13:53:01.088Z	0	0	654	-2.3	32.8	5.0
2024-01-05T14:01:09.397Z	0	0	654	-2.4	32.9	5.3
2024-01-05T14:11:31.149Z	0	0	654	-2.4	32.9	5.3
2024-01-05T14:22:55.850Z	0	0	654	-2.4	32.9	5.3
2024-01-05T14:31:48.758Z	0	0	654	-2.3	32.9	5.2
2024-01-05T14:40:11.583Z	0	0	654	-2.3	32.9	5.2
2024-01-05T14:48:22.878Z	0	0	654	-2.3	32.9	5.2
2024-01-05T14:56:38.163Z	0	0	654	-2.3	32.9	5.2
2024-01-05T15:06:04.948Z	0	0	654	-2.7	32.9	5.5
2024-01-05T15:17:25.624Z	0	0	654	-2.7	32.9	5.5
2024-01-05T15:27:00.327Z	0	0	654	-3.4	33.0	5.5
2024-01-05T15:35:26.310Z	0	0	654	-3.4	33.0	5.5
2024-01-05T15:43:55.713Z	0	0	654	-3.4	33.0	5.5
2024-01-05T15:52:01.553Z	0	0	654	-3.4	33.0	5.5
2024-01-05T16:00:24.318Z	0	0	654	-3.4	33.1	6.1
2024-01-05T16:11:05.888Z	0	0	654	-3.4	33.1	6.1
2024-01-05T16:24:10.004Z	0	0	654	-3.4	33.1	6.1
2024-01-05T16:34:56.918Z	0	0	654	-3.0	33.1	5.7
2024-01-05T16:43:39.486Z	0	0	654	-3.0	33.1	5.7
2024-01-05T16:51:57.824Z	0	0	654	-3.0	33.1	5.7
2024-01-05T17:00:18.963Z	0	0	654	-3.7	33.2	4.5
2024-01-05T17:10:33.971Z	0	0	654	-3.7	33.2	4.5
2024-01-05T17:22:26.587Z	0	0	654	-3.7	33.2	4.5
2024-01-05T17:32:12.315Z	0	0	654	-4.1	33.3	4.5
2024-01-05T17:40:27.042Z	0	0	654	-4.1	33.3	4.5
2024-01-05T17:48:50.568Z	0	0	654	-4.1	33.3	4.5
2024-01-05T17:57:13.601Z	0	0	654	-4.4	33.4	5.6
2024-01-05T18:07:06.069Z	0	0	654	-4.4	33.4	5.6
2024-01-05T18:19:16.487Z	0	0	654	-4.4	33.4	5.6
2024-01-05T18:30:01.346Z	0	0	654	-5.2	33.5	4.6
2024-01-05T18:38:34.406Z	0	0	654	-5.2	33.5	4.6
2024-01-05T18:46:56.764Z	0	0	654	-5.2	33.5	4.6
2024-01-05T18:55:27.016Z	0	0	654	-5.2	33.5	4.6
2024-01-05T19:04:08.943Z	0	0	654	-5.2	33.6	4.6
2024-01-05T19:14:26.630Z	0	0	654	-5.2	33.6	4.6
2024-01-05T19:22:52.276Z	0	0	654	-5.2	33.6	4.6
2024-01-05T19:31:03.606Z	0	0	654	-5.4	33.7	5.1
2024-01-05T19:39:24.400Z	0	0	654	-5.4	33.7	5.1
2024-01-05T19:47:38.180Z	0	0	654	-5.4	33.7	5.1
2024-01-05T19:55:53.827Z	0	0	654	-5.4	33.7	5.1
2024-01-05T20:05:00.697Z	0	0	654	-5.4	33.9	5.3
2024-01-05T20:16:13.205Z	0	0	654	-5.4	33.9	5.3
2024-01-05T20:25:54.203Z	0	0	654	-5.4	33.9	5.3
2024-01-05T20:34:37.345Z	0	0	654	-5.5	34.0	5.4
2024-01-05T20:42:57.386Z	0	0	654	-5.5	34.0	5.4
2024-01-05T20:51:17.580Z	0	0	654	-5.5	34.0	5.4
2024-01-05T20:59:31.367Z	0	0	654	-5.5	34.0	5.4
2024-01-05T21:09:32.042Z	0	0	654	-5.5	34.0	5.4
2024-01-05T21:19:30.675Z	0	0	654	-5.5	34.0	5.4
2024-01-05T21:27:44.933Z	0	0	654	-5.7	34.1	5.1
2024-01-05T21:36:22.269Z	0	0	654	-5.7	34.1	5.1
2024-01-05T21:44:40.265Z	0	0	654	-5.7	34.1	5.1
2024-01-05T21:53:01.058Z	0	0	654	-5.7	34.1	5.1
2024-01-05T22:01:27.928Z	0	0	654	-5.7	34.2	5.0
2024-01-05T22:11:59.837Z	0	0	654	-5.7	34.2	5.0
2024-01-05T22:23:35.397Z	0	0	654	-5.7	34.2	5.0
2024-01-05T22:32:37.104Z	0	0	654	-5.7	34.2	4.6
2024-01-05T22:40:48.117Z	0	0	654	-5.7	34.2	4.6
2024-01-05T22:49:02.545Z	0	0	654	-5.7	34.2	4.6
2024-01-05T22:57:27.152Z	0	0	654	-5.6	34.3	4.6
2024-01-05T23:07:11.916Z	0	0	654	-5.6	34.3	4.6
2024-01-05T23:18:39.173Z	0	0	654	-5.6	34.3	4.6
2024-01-05T23:27:17.348Z	0	0	654	-5.6	34.2	4.7
2024-01-05T23:35:57.867Z	0	0	654	-5.6	34.2	4.7
2024-01-05T23:44:09.152Z	0	0	654	-5.6	34.2	4.7
2024-01-05T23:52:22.093Z	0	0	654	-5.6	34.2	4.7
2024-01-06T00:00:34.552Z	0	0	654	-5.6	34.3	4.7
2024-01-06T00:25:50.724Z	0	0	654	-5.6	34.3	4.7
2024-01-06T00:48:37.878Z	0	0	654	-5.7	34.4	4.3
2024-01-06T01:20:26.269Z	0	0	654	-5.5	34.4	4.4
2024-01-06T01:43:54.368Z	0	0	654	-5.6	34.3	4.4
2024-01-06T02:04:52.674Z	0	0	654	-5.6	34.2	4.4
2024-01-06T02:19:24.060Z	0	0	654	-5.6	34.2	4.4
2024-01-06T02:32:41.326Z	0	0	654	-5.8	34.1	4.5
2024-01-06T02:42:07.436Z	0	0	654	-5.8	34.1	4.5
2024-01-06T02:50:28.496Z	0	0	654	-5.8	34.1	4.5
2024-01-06T02:58:46.905Z	0	0	654	-5.9	34.0	4.3
2024-01-06T03:08:55.245Z	0	0	654	-5.9	34.0	4.3
2024-01-06T03:20:44.512Z	0	0	654	-5.9	34.0	4.3
2024-01-06T03:28:58.656Z	0	0	654	-5.8	33.9	4.3
2024-01-06T03:37:31.789Z	0	0	654	-5.8	33.9	4.3
2024-01-06T03:45:42.046Z	0	0	654	-5.8	33.9	4.3
2024-01-06T03:54:00.087Z	0	0	654	-5.8	33.9	4.3
2024-01-06T04:02:23.946Z	0	0	654	-6.0	33.8	4.3
2024-01-06T04:13:39.672Z	0	0	654	-6.0	33.8	4.3
2024-01-06T04:25:50.343Z	0	0	654	-6.0	33.8	4.3
2024-01-06T04:34:44.563Z	0	0	654	-6.1	33.7	5.6
2024-01-06T04:43:05.128Z	0	0	654	-6.1	33.7	5.6
2024-01-06T04:51:27.648Z	0	0	654	-6.1	33.7	5.6
2024-01-06T04:59:44.581Z	0	0	654	-6.0	33.6	4.6
2024-01-06T05:09:51.963Z	0	0	654	-6.0	33.6	4.6
2024-01-06T05:20:57.446Z	0	0	654	-6.0	33.6	4.6
2024-01-06T05:29:56.571Z	0	0	654	-6.0	33.4	4.5
2024-01-06T05:38:14.082Z	0	0	654	-6.0	33.4	4.5
2024-01-06T05:46:42.885Z	0	0	654	-6.0	33.4	4.5
2024-01-06T05:54:58.855Z	0	0	654	-6.0	33.4	4.5
2024-01-06T06:03:50.681Z	0	0	654	-6.0	33.3	5.1
2024-01-06T06:15:16.051Z	0	0	654	-6.0	33.3	5.1
2024-01-06T06:27:15.526Z	0	0	654	-6.0	33.2	4.5
2024-01-06T06:35:59.515Z	0	0	654	-6.0	33.2	4.5
2024-01-06T06:44:20.951Z	0	0	654	-6.0	33.2	4.5
2024-01-06T06:52:41.768Z	0	0	654	-6.0	33.2	4.5
2024-01-06T07:00:51.354Z	0	0	654	-6.0	33.1	4.7
2024-01-06T07:11:01.666Z	0	0	654	-6.0	33.1	4.7
2024-01-06T07:20:20.934Z	0	0	654	-6.0	33.1	4.7
2024-01-06T07:28:37.977Z	0	0	654	-5.9	33.1	4.4
2024-01-06T07:37:07.669Z	0	0	654	-5.9	33.1	4.4
2024-01-06T07:45:17.776Z	0	0	654	-5.9	33.1	4.4
2024-01-06T07:53:26.683Z	0	0	654	-5.9	33.1	4.4
2024-01-06T08:01:39.105Z	0	0	654	-5.8	33.0	4.8
2024-01-06T08:12:36.044Z	0	0	654	-5.8	33.0	4.8
2024-01-06T08:24:57.844Z	0	0	654	-5.8	33.0	4.8
2024-01-06T08:33:26.276Z	0	0	654	-6.0	32.7	5.6
2024-01-06T08:41:47.463Z	0	0	654	-6.0	32.7	5.6
2024-01-06T08:49:55.645Z	0	0	654	-6.0	32.7	5.6
2024-01-06T08:58:04.933Z	0	0	654	-6.0	32.9	4.3
2024-01-06T09:08:01.012Z	19	21	675	-6.0	32.9	4.3
2024-01-06T09:18:53.711Z	47	48	703	-6.0	32.9	4.3
2024-01-06T09:27:13.188Z	58	59	714	-5.5	32.8	4.1
2024-01-06T09:35:47.432Z	58	59	714	-5.5	32.8	4.1
2024-01-06T09:44:16.415Z	62	63	718	-5.5	32.8	4.1
2024-01-06T09:52:36.457Z	73	76	731	-5.5	32.8	4.1
2024-01-06T10:00:57.187Z	73	76	731	-4.5	32.5	4.2
2024-01-06T10:11:21.335Z	75	81	736	-4.5	32.5	4.2
2024-01-06T10:23:16.983Z	75	89	744	-4.5	32.5	4.2
2024-01-06T10:32:40.370Z	81	100	755	-3.3	32.3	4.2
2024-01-06T10:40:51.213Z	84	113	768	-3.3	32.3	4.2
2024-01-06T10:49:11.738Z	89	121	776	-3.3	32.3	4.2
2024-01-06T10:57:24.904Z	87	128	782	-2.3	32.1	4.1
2024-01-06T11:06:57.386Z	88	138	793	-2.3	32.1	4.1
2024-01-06T11:16:59.552Z	87	149	803	-2.3	32.1	4.1
2024-01-06T11:25:22.800Z	87	149	803	-2.3	32.1	4.1
2024-01-06T11:33:51.640Z	105	172	827	-0.9	32.0	4.1
2024-01-06T11:42:16.267Z	106	179	834	-0.9	32.0	4.1
2024-01-06T11:50:30.177Z	108	188	843	-0.9	32.0	4.1
2024-01-06T11:58:41.719Z	113	199	854	0.0	31.9	4.3
2024-01-06T12:09:39.901Z	116	207	861	0.0	31.9	4.3
2024-01-06T12:23:34.943Z	132	228	883	0.0	31.9	4.3
2024-01-06T12:38:38.528Z	165	269	924	0.5	31.8	4.1
2024-01-06T12:51:10.641Z	171	282	937	0.5	31.8	4.1
2024-01-06T13:01:09.273Z	172	295	950	-0.6	31.8	4.2
2024-01-06T13:11:59.785Z	184	312	967	-0.6	31.8	4.2
2024-01-06T13:23:29.309Z	179	315	970	-0.6	31.8	4.2
2024-01-06T13:31:47.963Z	178	324	979	-2.0	31.2	4.2
2024-01-06T13:40:08.749Z	166	326	980	-2.0	31.2	4.2
2024-01-06T13:48:29.928Z	145	326	980	-2.0	31.2	4.2
2024-01-06T13:56:39.829Z	145	326	980	-2.0	31.2	4.2
2024-01-06T14:06:10.038Z	138	326	980	-2.7	31.9	5.0
2024-01-06T14:17:04.263Z	100	327	982	-2.7	31.9	5.0
2024-01-06T14:27:11.719Z	91	327	982	-2.9	30.7	4.5
2024-01-06T14:35:39.635Z	91	327	982	-2.9	30.7	4.5
2024-01-06T14:43:51.872Z	91	327	982	-2.9	30.7	4.5
2024-01-06T14:51:59.432Z	91	327	982	-2.9	30.7	4.5
2024-01-06T15:00:19.682Z	91	327	982	-3.1	32.1	5.2
2024-01-06T15:10:29.813Z	91	327	982	-3.1	32.1	5.2
2024-01-06T15:21:00.489Z	91	327	982	-3.1	32.1	5.2
2024-01-06T15:29:22.142Z	91	327	982	-3.4	32.5	5.7
2024-01-06T15:37:55.866Z	91	327	982	-3.4	32.5	5.7
2024-01-06T15:46:24.051Z	91	327	982	-3.4	32.5	5.7
2024-01-06T15:54:34.080Z	91	327	982	-3.4	32.5	5.7
2024-01-06T16:03:24.425Z	91	327	982	-3.8	32.9	6.8
2024-01-06T16:14:47.469Z	91	327	982	-3.8	32.9	6.8
2024-01-06T16:27:26.465Z	91	327	982	-4.0	33.3	6.5
2024-01-06T16:37:31.084Z	91	327	982	-4.0	33.3	6.5
2024-01-06T16:45:53.495Z	91	327	982	-4.0	33.3	6.5
2024-01-06T16:54:17.820Z	91	327	982	-4.0	33.3	6.5
2024-01-06T17:02:39.649Z	91	327	982	-4.2	33.6	5.7
2024-01-06T17:12:53.417Z	91	327	982	-4.2	33.6	5.7
2024-01-06T17:23:31.966Z	91	327	982	-4.2	33.6	5.7
2024-01-06T17:31:41.521Z	91	327	982	-4.3	33.9	6.4
2024-01-06T17:39:56.833Z	91	327	982	-4.3	33.9	6.4
2024-01-06T17:48:05.131Z	91	327	982	-4.3	33.9	6.4
2024-01-06T17:56:29.239Z	91	327	982	-4.3	33.9	6.4
2024-01-06T18:06:17.864Z	91	327	982	-4.4	34.0	5.4
2024-01-06T18:18:08.918Z	91	327	982	-4.4	34.0	5.4
2024-01-06T18:28:46.560Z	91	327	982	-4.0	34.1	5.1
2024-01-06T18:37:25.482Z	91	327	982	-4.0	34.1	5.1
2024-01-06T18:45:41.613Z	91	327	982	-4.0	34.1	5.1
2024-01-06T18:54:06.717Z	91	327	982	-4.0	34.1	5.1
2024-01-06T19:02:22.711Z	91	327	982	-4.1	34.3	6.2
2024-01-06T19:12:16.479Z	91	327	982	-4.1	34.3	6.2
2024-01-06T19:20:28.780Z	91	327	982	-4.1	34.3	6.2
2024-01-06T19:28:48.553Z	91	327	982	-4.3	34.4	6.0
2024-01-06T19:37:15.887Z	91	327	982	-4.3	34.4	6.0
2024-01-06T19:45:27.273Z	91	327	982	-4.3	34.4	6.0
2024-01-06T19:53:48.192Z	91	327	982	-4.3	34.4	6.0
2024-01-06T20:02:01.713Z	91	327	982	-4.4	34.5	5.0
2024-01-06T20:12:39.602Z	91	327	982	-4.4	34.5	5.0
2024-01-06T20:23:07.157Z	91	327	982	-4.4	34.5	5.0
2024-01-06T20:31:26.675Z	91	327	982	-4.2	34.6	5.1
2024-01-06T20:39:45.418Z	91	327	982	-4.2	34.6	5.1
2024-01-06T20:48:03.407Z	91	327	982	-4.2	34.6	5.1
2024-01-06T20:56:18.572Z	91	327	982	-4.2	34.6	5.1
2024-01-06T21:05:28.272Z	91	327	982	-4.7	33.7	5.2
2024-01-06T21:16:06.324Z	91	327	982	-4.7	33.7	5.2
2024-01-06T21:24:45.844Z	91	327	982	-4.7	33.7	5.2
2024-01-06T21:33:09.926Z	91	327	982	-4.7	34.7	5.3
2024-01-06T21:41:31.367Z	91	327	982	-4.7	34.7	5.3
2024-01-06T21:49:45.910Z	91	327	982	-4.7	34.7	5.3
2024-01-06T21:58:10.586Z	91	327	982	-4.2	34.8	5.4
2024-01-06T22:07:59.702Z	91	327	982	-4.2	34.8	5.4
2024-01-06T22:19:19.112Z	91	327	982	-4.2	34.8	5.4
2024-01-06T22:29:19.154Z	91	327	982	-4.2	34.9	5.5
2024-01-06T22:37:37.746Z	91	327	982	-4.2	34.9	5.5
2024-01-06T22:45:55.267Z	91	327	982	-4.2	34.9	5.5
2024-01-06T22:54:22.558Z	91	327	982	-4.2	34.9	5.5
2024-01-06T23:02:47.293Z	91	327	982	-3.1	34.9	5.3
2024-01-06T23:13:40.911Z	91	327	982	-3.1	34.9	5.3
2024-01-06T23:23:25.263Z	91	327	982	-3.1	34.9	5.3
2024-01-06T23:31:30.943Z	91	327	982	-3.2	34.9	5.4
2024-01-06T23:39:45.392Z	91	327	982	-3.2	34.9	5.4
2024-01-06T23:48:07.382Z	91	327	982	-3.2	34.9	5.4
2024-01-06T23:56:14.447Z	91	327	982	-3.2	34.9	5.4
2024-01-07T00:16:45.460Z	7	7	982	-3.5	34.8	5.4
2024-01-07T00:36:04.756Z	7	7	982	-3.3	34.8	5.6
2024-01-07T01:03:18.953Z	7	7	982	-3.7	34.7	5.6
2024-01-07T01:39:11.888Z	7	7	982	-4.1	34.5	5.7
2024-01-07T02:05:31.290Z	0	0	982	-4.1	34.4	5.7
2024-01-07T02:23:52.783Z	0	0	982	-4.1	34.4	5.7
2024-01-07T02:38:20.924Z	0	0	982	-4.2	34.2	5.7
2024-01-07T02:48:03.080Z	0	0	982	-4.2	34.2	5.7
2024-01-07T02:56:18.202Z	0	0	982	-4.2	34.2	5.7
2024-01-07T03:05:48.437Z	0	0	982	-4.4	34.1	5.5
2024-01-07T03:17:26.449Z	0	0	982	-4.4	34.1	5.5
2024-01-07T03:26:46.549Z	0	0	982	-4.5	33.9	5.6
2024-01-07T03:35:25.619Z	0	0	982	-4.5	33.9	5.6
2024-01-07T03:43:50.578Z	0	0	982	-4.5	33.9	5.6
2024-01-07T03:52:03.466Z	0	0	982	-4.5	33.9	5.6
2024-01-07T04:00:23.272Z	0	0	982	-4.6	33.7	5.5
2024-01-07T04:11:06.075Z	0	0	982	-4.6	33.7	5.5
2024-01-07T04:24:05.723Z	0	0	982	-4.6	33.7	5.5
2024-01-07T04:33:24.407Z	0	0	982	-4.5	33.2	5.6
2024-01-07T04:42:02.098Z	0	0	982	-4.5	33.2	5.6
2024-01-07T04:50:12.802Z	0	0	982	-4.5	33.2	5.6
2024-01-07T04:58:24.876Z	0	0	982	-4.3	33.4	5.6
2024-01-07T05:08:23.180Z	0	0	982	-4.3	33.4	5.6
2024-01-07T05:19:56.776Z	0	0	982	-4.3	33.4	5.6
2024-01-07T05:29:52.036Z	0	0	982	-3.7	33.2	5.6
2024-01-07T05:38:16.612Z	0	0	982	-3.7	33.2	5.6
2024-01-07T05:46:45.073Z	0	0	982	-3.7	33.2	5.6
2024-01-07T05:55:05.731Z	0	0	982	-3.7	33.2	5.6
2024-01-07T06:04:04.434Z	0	0	982	-3.3	33.1	5.7
2024-01-07T06:15:39.977Z	0	0	982	-3.3	33.1	5.7
2024-01-07T06:27:43.149Z	0	0	982	-3.5	33.0	5.7
2024-01-07T06:36:38.289Z	0	0	982	-3.5	33.0	5.7
2024-01-07T06:44:59.107Z	0	0	982	-3.5	33.0	5.7
2024-01-07T06:53:30.953Z	0	0	982	-3.5	33.0	5.7
2024-01-07T07:01:51.702Z	0	0	982	-3.3	32.9	5.4
2024-01-07T07:12:10.619Z	0	0	982	-3.3	32.9	5.4
2024-01-07T07:21:26.588Z	0	0	982	-3.3	32.9	5.4
2024-01-07T07:29:46.014Z	0	0	982	-2.6	32.8	5.3
2024-01-07T07:38:00.545Z	0	0	982	-2.6	32.8	5.3
2024-01-07T07:46:32.607Z	0	0	982	-2.6	32.8	5.3
2024-01-07T07:54:38.255Z	0	0	982	-2.6	32.8	5.3
2024-01-07T08:03:24.399Z	0	0	982	-2.6	32.8	5.3
2024-01-07T08:14:49.519Z	0	0	982	-2.3	32.7	5.2
2024-01-07T08:26:25.107Z	0	0	982	-2.3	32.7	5.2
2024-01-07T08:34:51.037Z	0	0	982	-2.4	32.6	5.3
2024-01-07T08:43:09.818Z	0	0	982	-2.4	32.6	5.3
2024-01-07T08:51:30.328Z	0	0	982	-2.4	32.6	5.3
2024-01-07T08:59:44.806Z	0	0	982	-2.4	32.6	5.3
2024-01-07T09:09:49.243Z	0	0	982	-2.4	32.6	5.3
2024-01-07T09:20:12.951Z	0	0	982	-2.4	32.6	5.3
2024-01-07T09:28:36.177Z	0	0	982	-2.3	32.5	5.6
2024-01-07T09:37:02.775Z	0	0	982	-2.3	32.5	5.6
2024-01-07T09:45:25.721Z	0	0	982	-2.3	32.5	5.6
2024-01-07T09:53:46.445Z	0	0	982	-2.3	32.5	5.6
2024-01-07T10:02:07.393Z	0	0	982	-1.2	32.5	5.6
2024-01-07T10:12:42.991Z	0	0	982	-1.2	32.5	5.6
2024-01-07T10:24:46.047Z	0	0	982	-1.2	32.5	5.6
2024-01-07T10:33:45.339Z	0	0	982	0.0	32.5	5.5
2024-01-07T10:42:04.794Z	0	0	982	0.0	32.5	5.5
2024-01-07T10:50:15.931Z	0	0	982	0.0	32.5	5.5
2024-01-07T10:58:30.157Z	0	0	982	1.1	32.6	5.4
2024-01-07T11:08:14.324Z	0	0	982	1.1	32.6	5.4
2024-01-07T11:18:07.585Z	0	0	982	1.1	32.6	5.4
2024-01-07T11:26:28.034Z	0	0	982	1.1	32.6	5.4
2024-01-07T11:34:54.643Z	0	0	982	2.2	32.6	5.3
2024-01-07T11:43:15.947Z	0	0	982	2.2	32.6	5.3
2024-01-07T11:51:42.156Z	0	0	982	2.2	32.6	5.3
2024-01-07T11:59:57.604Z	0	0	982	3.6	32.7	5.3
2024-01-07T12:11:06.130Z	0	0	982	3.6	32.7	5.3
2024-01-07T12:25:29.564Z	0	0	982	3.6	32.7	5.3
2024-01-07T12:40:33.937Z	0	0	982	3.7	32.9	5.1
2024-01-07T12:52:37.264Z	0	0	982	3.7	32.9	5.1
2024-01-07T13:01:58.194Z	0	0	982	2.4	33.0	5.5
2024-01-07T13:12:45.888Z	0	0	982	2.4	33.0	5.5
2024-01-07T13:24:04.173Z	0	0	982	2.4	33.0	5.5
2024-01-07T13:32:23.532Z	0	0	982	0.3	33.1	5.6
2024-01-07T13:40:46.330Z	0	0	982	0.3	33.1	5.6
2024-01-07T13:49:06.791Z	0	0	982	0.3	33.1	5.6
2024-01-07T13:57:25.706Z	0	0	982	-0.5	33.2	5.4
2024-01-07T14:07:02.148Z	0	0	982	-0.5	33.2	5.4
2024-01-07T14:17:54.118Z	0	0	982	-0.5	33.2	5.4
2024-01-07T14:27:41.589Z	0	0	982	-0.8	33.3	5.4
2024-01-07T14:36:06.933Z	0	0	982	-0.8	33.3	5.4
2024-01-07T14:44:22.054Z	0	0	982	-0.8	33.3	5.4
2024-01-07T14:52:38.844Z	0	0	982	-0.8	33.3	5.4
2024-01-07T15:01:04.001Z	0	0	982	-0.8	33.4	5.4
2024-01-07T15:11:24.967Z	0	0	982	-0.8	33.4	5.4
2024-01-07T15:22:13.612Z	0	0	982	-0.8	33.4	5.4
2024-01-07T15:30:22.824Z	0	0	982	-1.4	33.5	5.5
2024-01-07T15:38:55.657Z	0	0	982	-1.4	33.5	5.5
2024-01-07T15:47:11.061Z	0	0	982	-1.4	33.5	5.5
2024-01-07T15:55:27.182Z	0	0	982	-1.4	33.5	5.5
2024-01-07T16:04:30.082Z	0	0	982	-1.7	33.6	5.4
2024-01-07T16:16:14.311Z	0	0	982	-1.7	33.6	5.4
2024-01-07T16:28:19.015Z	0	0	982	-1.9	33.7	5.4
2024-01-07T16:38:08.807Z	0	0	982	-1.9	33.7	5.4
2024-01-07T16:46:13.426Z	0	0	982	-1.9	33.7	5.4
2024-01-07T16:54:47.719Z	0	0	982	-1.9	33.7	5.4
2024-01-07T17:03:23.404Z	0	0	982	-2.1	33.8	5.4
2024-01-07T17:13:43.846Z	0	0	982	-2.1	33.8	5.4
2024-01-07T17:24:24.280Z	0	0	982	-2.1	33.8	5.4
2024-01-07T17:32:44.703Z	0	0	982	-1.9	33.9	5.3
2024-01-07T17:41:08.275Z	0	0	982	-1.9	33.9	5.3
2024-01-07T17:49:21.590Z	0	0	982	-1.9	33.9	5.3
2024-01-07T17:57:31.114Z	0	0	982	-2.2	34.0	5.4
2024-01-07T18:07:51.907Z	0	0	982	-2.2	34.0	5.4
2024-01-07T18:19:58.979Z	0	0	982	-2.2	34.0	5.4
2024-01-07T18:29:58.136Z	0	0	982	-2.4	34.0	5.4
2024-01-07T18:38:23.323Z	0	0	982	-2.4	34.0	5.4
2024-01-07T18:46:53.350Z	0	0	982	-2.4	34.0	5.4
2024-01-07T18:55:23.767Z	0	0	982	-2.4	34.0	5.4
2024-01-07T19:03:58.231Z	0	0	982	-2.4	34.1	5.4
2024-01-07T19:14:00.817Z	0	0	982	-2.4	34.1	5.4
2024-01-07T19:22:12.753Z	0	0	982	-2.4	34.1	5.4
2024-01-07T19:30:33.874Z	0	0	982	-2.1	34.2	5.8
2024-01-07T19:39:02.811Z	0	0	982	-2.1	34.2	5.8
2024-01-07T19:47:13.028Z	0	0	982	-2.1	34.2	5.8
2024-01-07T19:55:30.324Z	0	0	982	-2.1	34.2	5.8
2024-01-07T20:04:21.737Z	0	0	982	-2.1	34.2	5.5
2024-01-07T20:15:22.842Z	0	0	982	-2.1	34.2	5.5
2024-01-07T20:25:05.702Z	0	0	982	-2.1	34.2	5.5
2024-01-07T20:33:30.709Z	0	0	982	-1.6	34.3	5.6
2024-01-07T20:41:41.567Z	0	0	982	-1.6	34.3	5.6
2024-01-07T20:50:03.485Z	0	0	982	-1.6	34.3	5.6
2024-01-07T20:58:30.395Z	0	0	982	-1.3	34.3	5.1
2024-01-07T21:08:17.181Z	0	0	982	-1.3	34.3	5.1
2024-01-07T21:18:29.409Z	0	0	982	-1.3	34.3	5.1
2024-01-07T21:26:55.597Z	0	0	982	-1.3	34.3	5.3
2024-01-07T21:35:23.556Z	0	0	982	-1.3	34.3	5.3
2024-01-07T21:43:44.445Z	0	0	982	-1.3	34.3	5.3
2024-01-07T21:51:55.655Z	0	0	982	-1.3	34.3	5.3
2024-01-07T22:00:07.031Z	0	0	982	-1.1	34.3	5.2
2024-01-07T22:10:22.843Z	0	0	982	-1.1	34.3	5.2
2024-01-07T22:21:44.156Z	0	0	982	-1.1	34.3	5.2
2024-01-07T22:31:07.308Z	0	0	982	-1.1	34.3	5.4
2024-01-07T22:39:28.133Z	0	0	982	-1.1	34.3	5.4
2024-01-07T22:47:41.249Z	0	0	982	-1.1	34.3	5.4
2024-01-07T22:55:56.306Z	0	0	982	-1.1	34.3	5.4
2024-01-07T23:05:25.933Z	0	0	982	-0.8	34.2	5.2
2024-01-07T23:16:35.006Z	0	0	982	-0.8	34.2	5.2
2024-01-07T23:26:13.033Z	0	0	982	-0.8	34.2	5.2
2024-01-07T23:34:40.728Z	0	0	982	-0.6	34.2	5.2
2024-01-07T23:43:00.156Z	0	0	982	-0.6	34.2	5.2
2024-01-07T23:51:12.478Z	0	0	982	-0.6	34.2	5.2
2024-01-07T23:59:30.830Z	0	0	982	-0.3	34.1	5.4
2024-01-08T00:26:52.617Z	0	0	982	-0.5	34.0	5.4
2024-01-08T00:50:10.093Z	0	0	982	-0.5	34.0	5.4
2024-01-08T01:22:47.518Z	0	0	982	0.0	33.9	5.4
2024-01-08T01:47:10.588Z	0	0	982	-0.2	33.8	5.3
2024-01-08T02:08:17.115Z	0	0	982	-0.2	33.7	5.4
2024-01-08T02:23:32.332Z	0	0	982	-0.2	33.7	5.4
2024-01-08T02:36:57.140Z	0	0	982	0.0	33.6	5.5
2024-01-08T02:46:14.340Z	0	0	982	0.0	33.6	5.5
2024-01-08T02:54:32.551Z	0	0	982	0.0	33.6	5.5
2024-01-08T03:03:15.111Z	0	0	982	0.1	33.5	5.2
2024-01-08T03:14:22.910Z	0	0	982	0.1	33.5	5.2
2024-01-08T03:24:52.204Z	0	0	982	0.1	33.5	5.2
2024-01-08T03:33:17.413Z	0	0	982	0.3	33.4	5.2
2024-01-08T03:41:26.236Z	0	0	982	0.3	33.4	5.2
2024-01-08T03:49:48.430Z	0	0	982	0.3	33.4	5.2
2024-01-08T03:58:05.435Z	0	0	982	0.3	33.3	5.5
2024-01-08T04:08:46.578Z	0	0	982	0.3	33.3	5.5
2024-01-08T04:21:23.070Z	0	0	982	0.3	33.3	5.5
2024-01-08T04:32:07.470Z	0	0	982	0.2	33.2	5.4
2024-01-08T04:40:51.842Z	0	0	982	0.2	33.2	5.4
2024-01-08T04:49:10.066Z	0	0	982	0.2	33.2	5.4
2024-01-08T04:57:24.952Z	0	0	982	0.6	33.2	5.4
2024-01-08T05:07:12.557Z	0	0	982	0.6	33.2	5.4
2024-01-08T05:18:39.509Z	0	0	982	0.6	33.2	5.4
2024-01-08T05:29:18.676Z	0	0	982	0.8	33.1	5.4
2024-01-08T05:37:33.305Z	0	0	982	0.8	33.1	5.4
2024-01-08T05:45:43.134Z	0	0	982	0.8	33.1	5.4
2024-01-08T05:54:10.247Z	0	0	982	0.8	33.1	5.4
2024-01-08T06:02:39.527Z	0	0	982	0.6	33.1	5.5
2024-01-08T06:14:21.108Z	0	0	982	0.6	33.1	5.5
2024-01-08T06:27:44.605Z	0	0	982	0.6	33.0	5.4
2024-01-08T06:37:20.453Z	0	0	982	0.6	33.0	5.4
2024-01-08T06:45:30.157Z	0	0	982	0.6	33.0	5.4
2024-01-08T06:53:54.597Z	0	0	982	0.6	33.0	5.4
2024-01-08T07:02:13.327Z	0	0	982	1.0	33.0	5.5
2024-01-08T07:12:55.879Z	0	0	982	1.0	33.0	5.5
2024-01-08T07:22:38.817Z	0	0	982	1.0	33.0	5.5
2024-01-08T07:30:53.877Z	0	0	982	0.7	33.0	5.6
2024-01-08T07:39:16.961Z	0	0	982	0.7	33.0	5.6
2024-01-08T07:47:35.852Z	0	0	982	0.7	33.0	5.6
2024-01-08T07:56:00.002Z	0	0	982	0.7	33.0	5.6
2024-01-08T08:06:19.707Z	0	0	982	0.5	32.9	5.8
2024-01-08T08:18:42.797Z	0	0	982	0.5	32.9	5.8
2024-01-08T08:30:26.493Z	0	0	982	0.6	32.9	5.4
2024-01-08T08:39:29.733Z	0	0	982	0.6	32.9	5.4
2024-01-08T08:47:49.966Z	0	0	982	0.6	32.9	5.4
2024-01-08T08:56:14.850Z	0	0	982	0.6	32.9	5.4
2024-01-08T09:05:31.626Z	0	0	982	0.1	32.9	5.3
2024-01-08T09:16:48.528Z	0	0	982	0.1	32.9	5.3
2024-01-08T09:26:15.610Z	0	0	982	0.1	32.9	5.3
2024-01-08T09:34:48.875Z	0	0	982	0.0	33.0	5.4
2024-01-08T09:42:59.086Z	0	0	982	0.0	33.0	5.4
2024-01-08T09:51:07.360Z	0	0	982	0.0	33.0	5.4
2024-01-08T09:59:31.263Z	0	0	982	-0.1	33.0	5.3
2024-01-08T10:10:10.429Z	0	0	982	-0.1	33.0	5.3
2024-01-08T10:22:46.119Z	0	0	982	-0.1	33.0	5.3
2024-01-08T10:33:57.678Z	0	0	982	0.0	33.0	5.2
2024-01-08T10:42:21.495Z	0	0	982	0.0	33.0	5.2
2024-01-08T10:50:46.771Z	0	0	982	0.0	33.0	5.2
2024-01-08T10:59:04.595Z	0	0	982	1.6	33.1	5.4
2024-01-08T11:09:07.056Z	0	0	982	1.6	33.1	5.4
2024-01-08T11:19:12.733Z	0	0	982	1.6	33.1	5.4
2024-01-08T11:27:32.172Z	0	0	982	2.3	33.2	5.4
2024-01-08T11:36:04.992Z	0	0	982	2.3	33.2	5.4
2024-01-08T11:44:27.907Z	0	0	982	2.3	33.2	5.4
2024-01-08T11:52:48.549Z	0	0	982	2.3	33.2	5.4
2024-01-08T12:01:09.178Z	0	0	982	3.1	33.3	5.5
2024-01-08T12:12:55.167Z	0	0	982	3.1	33.3	5.5
2024-01-08T12:28:15.568Z	0	0	982	4.1	33.4	5.5
2024-01-08T12:44:22.768Z	0	0	982	4.1	33.4	5.5
2024-01-08T12:56:29.903Z	0	0	982	4.1	33.4	5.5
2024-01-08T13:07:09.754Z	0	0	982	1.9	33.4	5.5
2024-01-08T13:19:27.012Z	0	0	982	1.9	33.4	5.5
2024-01-08T13:29:33.520Z	0	0	982	1.5	33.5	5.4
2024-01-08T13:37:56.241Z	0	0	982	1.5	33.5	5.4
2024-01-08T13:46:18.486Z	0	0	982	1.5	33.5	5.4
2024-01-08T13:54:39.350Z	0	0	982	1.5	33.5	5.4
2024-01-08T14:03:25.875Z	0	0	982	0.8	33.6	5.6
2024-01-08T14:14:11.469Z	0	0	982	0.8	33.6	5.6
2024-01-08T14:25:54.206Z	0	0	982	0.8	33.6	5.6
2024-01-08T14:34:38.844Z	0	0	982	1.0	33.7	5.5
2024-01-08T14:42:51.110Z	0	0	982	1.0	33.7	5.5
2024-01-08T14:50:57.793Z	0	0	982	1.0	33.7	5.5
2024-01-08T14:59:23.563Z	0	0	982	1.3	33.8	5.6
2024-01-08T15:09:49.137Z	0	0	982	1.3	33.8	5.6
2024-01-08T15:21:47.032Z	0	0	982	1.3	33.8	5.6
2024-01-08T15:30:13.522Z	0	0	982	1.1	33.8	5.7
2024-01-08T15:38:37.360Z	0	0	982	1.1	33.8	5.7
2024-01-08T15:46:53.078Z	0	0	982	1.1	33.8	5.7
2024-01-08T15:55:04.125Z	0	0	982	1.1	33.8	5.7
2024-01-08T16:04:03.419Z	0	0	982	1.2	33.9	5.5
2024-01-08T16:15:45.336Z	0	0	982	1.2	33.9	5.5
2024-01-08T16:29:06.901Z	0	0	982	1.0	34.0	5.5
2024-01-08T16:39:57.155Z	0	0	982	1.0	34.0	5.5
2024-01-08T16:48:21.364Z	0	0	982	1.0	34.0	5.5
2024-01-08T16:56:33.662Z	0	0	982	1.0	34.0	5.5
2024-01-08T17:05:47.591Z	0	0	982	0.7	34.0	5.6
2024-01-08T17:16:51.937Z	0	0	982	0.7	34.0	5.6
2024-01-08T17:27:29.748Z	0	0	982	0.9	34.1	5.6
2024-01-08T17:35:57.771Z	0	0	982	0.9	34.1	5.6
2024-01-08T17:44:16.480Z	0	0	982	0.9	34.1	5.6
2024-01-08T17:52:37.134Z	0	0	982	0.9	34.1	5.6
2024-01-08T18:00:54.048Z	0	0	982	0.9	34.1	5.6
2024-01-08T18:12:05.450Z	0	0	982	0.9	34.1	5.6
2024-01-08T18:25:30.043Z	0	0	982	0.9	34.1	5.6
2024-01-08T18:34:54.412Z	0	0	982	1.1	34.2	5.5
2024-01-08T18:43:11.295Z	0	0	982	1.1	34.2	5.5
2024-01-08T18:51:39.746Z	0	0	982	1.1	34.2	5.5
2024-01-08T18:59:51.956Z	0	0	982	1.0	34.2	5.9
2024-01-08T19:09:58.436Z	0	0	982	1.0	34.2	5.9
2024-01-08T19:19:15.964Z	0	0	982	1.0	34.2	5.9
2024-01-08T19:27:46.030Z	0	0	982	0.6	34.2	5.8
2024-01-08T19:36:21.049Z	0	0	982	0.6	34.2	5.8
2024-01-08T19:44:38.482Z	0	0	982	0.6	34.2	5.8
2024-01-08T19:52:48.134Z	0	0	982	0.6	34.2	5.8
2024-01-08T20:01:11.413Z	0	0	982	0.4	34.1	5.8
2024-01-08T20:12:11.573Z	0	0	982	0.4	34.1	5.8
2024-01-08T20:23:28.114Z	0	0	982	0.4	34.1	5.8
2024-01-08T20:31:40.825Z	0	0	982	0.1	34.1	5.8
2024-01-08T20:40:12.424Z	0	0	982	0.1	34.1	5.8
2024-01-08T20:48:31.699Z	0	0	982	0.1	34.1	5.8
2024-01-08T20:56:44.666Z	0	0	982	-0.1	34.0	5.6
2024-01-08T21:06:03.937Z	0	0	982	-0.1	34.0	5.6
2024-01-08T21:16:45.423Z	0	0	982	-0.1	34.0	5.6
2024-01-08T21:25:00.560Z	0	0	982	-0.1	34.0	5.6
2024-01-08T21:33:25.086Z	0	0	982	-0.2	33.1	5.4
2024-01-08T21:41:50.432Z	0	0	982	-0.2	33.1	5.4
2024-01-08T21:50:11.165Z	0	0	982	-0.2	33.1	5.4
2024-01-08T21:58:25.197Z	0	0	982	-0.4	33.9	5.6
2024-01-08T22:08:30.411Z	0	0	982	-0.4	33.9	5.6
2024-01-08T22:19:43.910Z	0	0	982	-0.4	33.9	5.6
2024-01-08T22:29:51.206Z	0	0	982	-0.4	33.8	5.6
2024-01-08T22:38:11.776Z	0	0	982	-0.4	33.8	5.6
2024-01-08T22:46:25.413Z	0	0	982	-0.4	33.8	5.6
2024-01-08T22:54:40.954Z	0	0	982	-0.4	33.8	5.6
2024-01-08T23:03:17.587Z	0	0	982	0.3	33.8	5.5
2024-01-08T23:14:14.754Z	0	0	982	0.3	33.8	5.5
2024-01-08T23:24:22.622Z	0	0	982	0.3	33.8	5.5
2024-01-08T23:32:44.580Z	0	0	982	0.5	33.8	5.5
2024-01-08T23:40:55.519Z	0	0	982	0.5	33.8	5.5
2024-01-08T23:49:23.374Z	0	0	982	0.5	33.8	5.5
2024-01-08T23:57:43.758Z	0	0	982	0.5	33.7	5.5
2024-01-09T00:24:32.175Z	0	0	982	0.5	33.7	5.5
2024-01-09T00:46:46.405Z	0	0	982	0.7	33.6	5.7
2024-01-09T01:17:59.978Z	0	0	982	0.9	33.6	5.7
2024-01-09T01:44:56.501Z	0	0	982	1.1	33.5	5.6
2024-01-09T02:07:49.853Z	0	0	982	1.0	33.5	5.7
2024-01-09T02:23:32.664Z	0	0	982	1.0	33.5	5.7
2024-01-09T02:37:04.779Z	0	0	982	1.2	33.4	5.3
2024-01-09T02:46:22.950Z	0	0	982	1.2	33.4	5.3
2024-01-09T02:54:43.893Z	0	0	982	1.2	33.4	5.3
2024-01-09T03:03:29.185Z	0	0	982	1.2	33.3	5.2
2024-01-09T03:14:34.113Z	0	0	982	1.2	33.3	5.2
2024-01-09T03:24:56.610Z	0	0	982	1.2	33.3	5.2
2024-01-09T03:33:19.978Z	0	0	982	1.1	33.3	5.2
2024-01-09T03:41:31.239Z	0	0	982	1.1	33.3	5.2
2024-01-09T03:49:59.341Z	0	0	982	1.1	33.3	5.2
2024-01-09T03:58:21.026Z	0	0	982	0.9	33.3	5.2
2024-01-09T04:08:52.148Z	0	0	982	0.9	33.3	5.2
2024-01-09T04:21:25.252Z	0	0	982	0.9	33.3	5.2
2024-01-09T04:31:59.472Z	0	0	982	1.0	33.2	5.1
2024-01-09T04:40:54.971Z	0	0	982	1.0	33.2	5.1
2024-01-09T04:49:10.134Z	0	0	982	1.0	33.2	5.1
2024-01-09T04:57:34.079Z	0	0	982	1.0	33.2	5.2
2024-01-09T05:07:20.352Z	0	0	982	1.0	33.2	5.2
2024-01-09T05:18:43.053Z	0	0	982	1.0	33.2	5.2
2024-01-09T05:29:19.909Z	0	0	982	1.3	33.2	5.2
2024-01-09T05:37:41.802Z	0	0	982	1.3	33.2	5.2
2024-01-09T05:45:53.900Z	0	0	982	1.3	33.2	5.2
2024-01-09T05:54:20.106Z	0	0	982	1.3	33.2	5.2
2024-01-09T06:02:45.719Z	0	0	982	0.7	33.2	5.4
2024-01-09T06:14:20.277Z	11	13	995	0.7	33.2	5.4
2024-01-09T06:27:38.278Z	27	30	1012	0.6	32.8	5.4
2024-01-09T06:36:51.853Z	40	43	1025	0.6	32.8	5.4
2024-01-09T06:45:12.271Z	40	43	1025	0.6	32.8	5.4
2024-01-09T06:53:23.696Z	47	51	1033	0.6	32.8	5.4
2024-01-09T07:01:48.010Z	51	59	1041	1.0	32.6	5.5
2024-01-09T07:12:51.694Z	54	63	1045	1.0	32.6	5.5
2024-01-09T07:23:38.067Z	54	68	1050	1.0	32.6	5.5
2024-01-09T07:32:00.846Z	48	76	1058	1.0	32.4	5.5
2024-01-09T07:40:20.880Z	47	81	1063	1.0	32.4	5.5
2024-01-09T07:48:42.238Z	48	91	1073	1.0	32.4	5.5
2024-01-09T07:57:09.592Z	55	102	1085	1.1	32.3	5.6
2024-01-09T08:07:56.147Z	59	112	1094	1.1	32.3	5.6
2024-01-09T08:20:29.368Z	60	117	1099	1.1	32.3	5.6
2024-01-09T08:31:20.667Z	68	129	1111	-0.2	32.1	5.8
2024-01-09T08:40:12.316Z	69	138	1120	-0.2	32.1	5.8
2024-01-09T08:48:31.384Z	69	139	1122	-0.2	32.1	5.8
2024-01-09T08:56:55.382Z	68	143	1125	0.4	31.4	5.7
2024-01-09T09:06:28.205Z	68	143	1125	0.4	31.4	5.7
2024-01-09T09:17:51.336Z	79	163	1145	0.4	31.4	5.7
2024-01-09T09:26:55.656Z	81	170	1152	-0.4	31.7	5.7
2024-01-09T09:35:34.757Z	81	170	1152	-0.4	31.7	5.7
2024-01-09T09:43:56.013Z	88	182	1164	-0.4	31.7	5.7
2024-01-09T09:52:10.316Z	89	190	1172	-0.4	31.7	5.7
2024-01-09T10:00:21.314Z	96	200	1182	-0.4	31.2	6.0
2024-01-09T10:11:04.766Z	99	207	1189	-0.4	31.2	6.0
2024-01-09T10:23:31.244Z	97	216	1198	-0.4	31.2	6.0
2024-01-09T10:34:06.368Z	116	238	1221	0.2	28.5	5.9
2024-01-09T10:42:29.319Z	126	256	1238	0.2	28.5	5.9
2024-01-09T10:50:47.265Z	126	258	1240	0.2	28.5	5.9
2024-01-09T10:59:03.568Z	128	262	1244	0.3	30.0	5.9
2024-01-09T11:09:06.003Z	122	266	1248	0.3	30.0	5.9
2024-01-09T11:19:07.751Z	126	278	1260	0.3	30.0	5.9
2024-01-09T11:27:20.193Z	117	278	1260	0.5	27.6	6.1
2024-01-09T11:35:52.794Z	117	278	1260	0.5	27.6	6.1
2024-01-09T11:52:41.654Z	108	281	1263	0.5	27.6	6.1
2024-01-09T12:01:05.387Z	99	281	1263	0.6	30.7	6.1
2024-01-09T12:12:48.482Z	84	281	1263	0.6	30.7	6.1
2024-01-09T12:27:54.198Z	81	281	1263	1.4	29.7	6.1
2024-01-09T12:58:21.537Z	81	281	1263	1.3	29.6	6.1
2024-01-09T13:38:31.290Z	81	281	1263	1.2	31.3	6.0
2024-01-09T13:54:52.625Z	81	281	1263	1.2	31.3	6.0
2024-01-09T14:03:33.569Z	81	281	1263	1.9	31.6	5.9
2024-01-09T14:14:20.232Z	81	281	1263	1.9	31.6	5.9
2024-01-09T14:26:09.035Z	81	281	1263	1.9	31.6	5.9
2024-01-09T14:34:53.807Z	81	281	1263	1.8	31.9	5.9
2024-01-09T14:43:15.117Z	81	281	1263	1.8	31.9	5.9
2024-01-09T14:51:34.397Z	81	281	1263	1.8	31.9	5.9
2024-01-09T14:59:56.519Z	81	281	1263	1.7	31.2	5.8
2024-01-09T15:10:16.479Z	81	281	1263	1.7	31.2	5.8
2024-01-09T15:22:14.436Z	81	281	1263	1.7	31.2	5.8
2024-01-09T15:30:28.087Z	81	281	1263	1.6	32.4	5.9
2024-01-09T15:38:57.933Z	81	281	1263	1.6	32.4	5.9
2024-01-09T15:47:10.362Z	81	281	1263	1.6	32.4	5.9
2024-01-09T15:55:30.699Z	81	281	1263	1.6	32.4	5.9
2024-01-09T16:04:33.296Z	81	281	1263	1.5	32.7	5.8
2024-01-09T16:16:17.521Z	81	281	1263	1.5	32.7	5.8
2024-01-09T16:29:26.413Z	81	281	1263	1.8	32.9	5.9
2024-01-09T16:40:24.906Z	81	281	1263	1.8	32.9	5.9
2024-01-09T16:48:33.169Z	81	281	1263	1.8	32.9	5.9
2024-01-09T16:56:53.866Z	81	281	1263	1.9	33.2	5.8
2024-01-09T17:06:23.371Z	81	281	1263	1.9	33.2	5.8
2024-01-09T17:17:16.101Z	81	281	1263	1.9	33.2	5.8
2024-01-09T17:28:06.075Z	81	281	1263	2.1	33.5	5.8
2024-01-09T17:36:35.629Z	81	281	1263	2.1	33.5	5.8
2024-01-09T17:44:46.866Z	81	281	1263	2.1	33.5	5.8
2024-01-09T17:53:18.759Z	81	281	1263	2.1	33.5	5.8
2024-01-09T18:01:28.337Z	81	281	1263	1.5	33.6	5.8
2024-01-09T18:12:08.266Z	81	281	1263	1.5	33.6	5.8
2024-01-09T18:23:11.709Z	81	281	1263	1.5	33.6	5.8
2024-01-09T18:31:31.640Z	81	281	1263	1.5	33.8	5.9
2024-01-09T18:39:54.576Z	81	281	1263	1.5	33.8	5.9
2024-01-09T18:48:13.558Z	81	281	1263	1.5	33.8	5.9
2024-01-09T18:56:22.848Z	81	281	1263	1.5	33.8	5.9
2024-01-09T19:05:38.135Z	81	281	1263	1.4	34.0	5.9
2024-01-09T19:16:07.587Z	81	281	1263	1.4	34.0	5.9
2024-01-09T19:24:26.523Z	81	281	1263	1.4	34.0	5.9
2024-01-09T19:32:49.267Z	81	281	1263	1.3	34.2	5.8
2024-01-09T19:41:04.537Z	81	281	1263	1.3	34.2	5.8
2024-01-09T19:49:26.357Z	81	281	1263	1.3	34.2	5.8
2024-01-09T19:57:43.556Z	81	281	1263	1.3	34.4	5.8
2024-01-09T20:07:45.846Z	81	281	1263	1.3	34.4	5.8
2024-01-09T20:19:40.458Z	81	281	1263	1.3	34.4	5.8
2024-01-09T20:28:37.088Z	81	281	1263	0.9	34.5	5.7
2024-01-09T20:37:12.757Z	81	281	1263	0.9	34.5	5.7
2024-01-09T20:45:33.994Z	81	281	1263	0.9	34.5	5.7
2024-01-09T20:53:55.260Z	81	281	1263	0.9	34.5	5.7
2024-01-09T21:02:04.776Z	81	281	1263	0.6	34.6	5.7
2024-01-09T21:12:26.302Z	81	281	1263	0.6	34.6	5.7
2024-01-09T21:21:54.158Z	81	281	1263	0.6	34.6	5.7
2024-01-09T21:30:20.885Z	81	281	1263	1.7	34.9	5.7
2024-01-09T21:38:49.209Z	81	281	1263	1.7	34.9	5.7
2024-01-09T21:47:07.735Z	81	281	1263	1.7	34.9	5.7
2024-01-09T21:55:15.294Z	81	281	1263	1.7	34.9	5.7
2024-01-09T22:04:11.165Z	81	281	1263	1.6	34.8	5.7
2024-01-09T22:14:57.768Z	81	281	1263	1.6	34.8	5.7
2024-01-09T22:26:26.538Z	81	281	1263	1.6	34.8	5.7
2024-01-09T22:35:11.317Z	81	281	1263	1.0	35.1	5.9
2024-01-09T22:43:28.923Z	81	281	1263	1.0	35.1	5.9
2024-01-09T22:51:43.060Z	81	281	1263	1.0	35.1	5.9
2024-01-09T23:00:01.450Z	81	281	1263	1.1	35.2	5.8
2024-01-09T23:10:17.638Z	81	281	1263	1.1	35.2	5.8
2024-01-09T23:21:26.891Z	81	281	1263	1.1	35.2	5.8
2024-01-09T23:29:35.737Z	81	281	1263	1.3	35.1	5.8
2024-01-09T23:38:10.756Z	81	281	1263	1.3	35.1	5.8
2024-01-09T23:46:24.920Z	81	281	1263	1.3	35.1	5.8
2024-01-09T23:54:47.185Z	81	281	1263	1.3	35.1	5.8
2024-01-10T00:06:49.603Z	10	10	1263	0.5	35.2	5.8
2024-01-10T00:27:28.201Z	10	10	1263	0.0	34.5	5.5
2024-01-10T00:51:03.785Z	10	10	1263	0.0	34.5	5.5
2024-01-10T01:24:02.577Z	10	10	1263	-0.2	35.1	5.8
2024-01-10T01:48:03.124Z	10	10	1263	-0.1	35.0	5.6
2024-01-10T02:09:09.176Z	0	0	1263	-0.2	34.9	5.7
2024-01-10T02:24:29.308Z	0	0	1263	-0.2	34.9	5.7
2024-01-10T02:37:18.402Z	0	0	1263	-0.3	34.7	5.6
2024-01-10T02:46:11.670Z	0	0	1263	-0.3	34.7	5.6
2024-01-10T02:54:34.034Z	0	0	1263	-0.3	34.7	5.6
2024-01-10T03:03:17.434Z	0	0	1263	-0.2	34.5	5.1
2024-01-10T03:14:27.312Z	0	0	1263	-0.2	34.5	5.1
2024-01-10T03:24:55.236Z	0	0	1263	-0.2	34.5	5.1
2024-01-10T03:33:20.817Z	0	0	1263	-0.1	34.4	5.1
2024-01-10T03:41:32.992Z	0	0	1263	-0.1	34.4	5.1
2024-01-10T03:49:54.694Z	0	0	1263	-0.1	34.4	5.1
2024-01-10T03:58:03.501Z	0	0	1263	-0.1	33.8	5.1
2024-01-10T04:08:47.462Z	0	0	1263	-0.1	33.8	5.1
2024-01-10T04:21:27.998Z	0	0	1263	-0.1	33.8	5.1
2024-01-10T04:32:30.388Z	0	0	1263	-0.3	34.1	5.1
2024-01-10T04:41:29.086Z	0	0	1263	-0.3	34.1	5.1
2024-01-10T04:49:47.814Z	0	0	1263	-0.3	34.1	5.1
2024-01-10T04:58:14.413Z	0	0	1263	-0.6	34.0	5.2
2024-01-10T05:08:21.585Z	0	0	1263	-0.6	34.0	5.2
2024-01-10T05:19:58.688Z	0	0	1263	-0.6	34.0	5.2
2024-01-10T05:30:10.291Z	0	0	1263	-0.3	33.8	5.2
2024-01-10T05:38:29.148Z	0	0	1263	-0.3	33.8	5.2
2024-01-10T05:46:45.908Z	0	0	1263	-0.3	33.8	5.2
2024-01-10T05:55:00.922Z	0	0	1263	-0.3	33.8	5.2
2024-01-10T06:03:59.895Z	0	0	1263	-0.7	33.7	5.2
2024-01-10T06:15:45.713Z	0	0	1263	-0.7	33.7	5.2
2024-01-10T06:28:47.178Z	0	0	1263	-0.5	33.5	5.5
2024-01-10T06:38:04.668Z	0	0	1263	-0.5	33.5	5.5
2024-01-10T06:46:18.725Z	0	0	1263	-0.5	33.5	5.5
2024-01-10T06:54:42.978Z	0	0	1263	-0.5	33.5	5.5
2024-01-10T07:03:13.335Z	0	0	1263	-0.7	33.4	5.5
2024-01-10T07:13:57.096Z	0	0	1263	-0.7	33.4	5.5
2024-01-10T07:23:12.515Z	0	0	1263	-0.7	33.4	5.5
2024-01-10T07:31:18.567Z	0	0	1263	-0.2	32.3	5.2
2024-01-10T07:39:33.468Z	0	0	1263	-0.2	32.3	5.2
2024-01-10T07:47:55.005Z	0	0	1263	-0.2	32.3	5.2
2024-01-10T07:56:19.170Z	0	0	1263	-0.2	32.3	5.2
2024-01-10T08:06:20.384Z	0	0	1263	-0.7	33.1	5.5
2024-01-10T08:18:29.296Z	0	0	1263	-0.7	33.1	5.5
2024-01-10T08:30:05.061Z	0	0	1263	-0.9	33.0	5.0
2024-01-10T08:39:08.228Z	0	0	1263	-0.9	33.0	5.0
2024-01-10T08:47:20.941Z	0	0	1263	-0.9	33.0	5.0
2024-01-10T08:55:33.642Z	0	0	1263	-0.9	33.0	5.0
2024-01-10T09:04:51.617Z	0	0	1263	-0.6	32.9	5.5
2024-01-10T09:16:04.479Z	0	0	1263	-0.6	32.9	5.5
2024-01-10T09:25:47.482Z	0	0	1263	-0.6	32.9	5.5
2024-01-10T09:34:18.251Z	0	0	1263	0.1	32.8	5.5
2024-01-10T09:42:26.714Z	0	0	1263	0.1	32.8	5.5
2024-01-10T09:50:52.175Z	0	0	1263	0.1	32.8	5.5
2024-01-10T09:59:09.595Z	0	0	1263	0.7	32.3	5.4
2024-01-10T10:09:34.515Z	0	0	1263	0.7	32.3	5.4
2024-01-10T10:21:47.829Z	0	0	1263	0.7	32.3	5.4
2024-01-10T10:32:53.762Z	0	0	1263	1.8	32.6	5.1
2024-01-10T10:41:46.586Z	0	0	1263	1.8	32.6	5.1
2024-01-10T10:50:01.030Z	0	0	1263	1.8	32.6	5.1
2024-01-10T10:58:30.922Z	0	0	1263	2.3	32.6	5.5
2024-01-10T11:08:18.301Z	0	0	1263	2.3	32.6	5.5
2024-01-10T11:18:34.953Z	0	0	1263	2.3	32.6	5.5
2024-01-10T11:26:50.823Z	0	0	1263	3.4	32.6	5.3
2024-01-10T11:35:19.554Z	0	0	1263	3.4	32.6	5.3
2024-01-10T11:43:36.492Z	0	0	1263	3.4	32.6	5.3
2024-01-10T11:51:49.160Z	0	0	1263	3.4	32.6	5.3
2024-01-10T12:00:03.622Z	0	0	1263	4.7	32.6	5.4
2024-01-10T12:11:21.584Z	0	0	1263	4.7	32.6	5.4
2024-01-10T12:26:17.571Z	0	0	1263	4.7	32.6	5.4
2024-01-10T12:42:30.538Z	0	0	1263	4.8	32.3	5.4
2024-01-10T12:55:30.369Z	0	0	1263	4.8	32.3	5.4
2024-01-10T13:05:59.378Z	0	0	1263	1.7	32.6	5.2
2024-01-10T13:17:55.522Z	0	0	1263	1.7	32.6	5.2
2024-01-10T13:28:30.854Z	0	0	1263	1.9	32.6	5.2
2024-01-10T13:36:55.646Z	0	0	1263	1.9	32.6	5.2
2024-01-10T13:45:06.144Z	0	0	1263	1.9	32.6	5.2
2024-01-10T13:53:30.525Z	0	0	1263	1.9	32.6	5.2
2024-01-10T14:01:41.889Z	0	0	1263	1.5	32.7	5.2
2024-01-10T14:12:05.515Z	0	0	1263	1.5	32.7	5.2
2024-01-10T14:23:49.732Z	0	0	1263	1.5	32.7	5.2
2024-01-10T14:32:53.716Z	0	0	1263	0.8	32.8	5.4
2024-01-10T14:41:05.835Z	0	0	1263	0.8	32.8	5.4
2024-01-10T14:49:28.657Z	0	0	1263	0.8	32.8	5.4
2024-01-10T14:57:47.136Z	0	0	1263	0.8	32.6	5.2
2024-01-10T15:07:51.551Z	21	21	1284	0.8	32.6	5.2
2024-01-10T15:19:29.890Z	42	42	1305	0.8	32.6	5.2
2024-01-10T15:28:18.872Z	58	58	1321	0.6	32.8	5.3
2024-01-10T15:36:45.220Z	58	58	1321	0.6	32.8	5.3
2024-01-10T15:45:13.764Z	63	63	1326	0.6	32.8	5.3
2024-01-10T15:53:17.894Z	73	73	1337	0.6	32.8	5.3
2024-01-10T16:01:35.910Z	89	91	1354	0.6	32.6	5.6
2024-01-10T16:12:50.630Z	93	96	1359	0.6	32.6	5.6
2024-01-10T16:26:43.104Z	100	106	1370	0.6	32.6	5.6
2024-01-10T16:37:20.746Z	93	117	1380	0.8	32.5	5.5
2024-01-10T16:45:43.553Z	93	117	1380	0.8	32.5	5.5
2024-01-10T16:54:15.281Z	85	121	1384	0.8	32.5	5.5
2024-01-10T17:02:29.944Z	76	125	1388	0.3	31.1	5.6
2024-01-10T17:12:57.627Z	88	142	1405	0.3	31.1	5.6
2024-01-10T17:24:08.177Z	84	153	1416	0.3	31.1	5.6
2024-01-10T17:32:30.703Z	92	167	1430	1.0	31.6	5.6
2024-01-10T17:40:43.638Z	93	168	1432	1.0	31.6	5.6
2024-01-10T17:49:00.554Z	101	182	1445	1.0	31.6	5.6
2024-01-10T17:57:11.962Z	96	184	1448	1.8	32.1	5.5
2024-01-10T18:07:16.258Z	89	184	1448	1.8	32.1	5.5
2024-01-10T18:19:33.114Z	95	190	1453	1.8	32.1	5.5
2024-01-10T18:30:50.025Z	101	203	1466	2.0	32.0	5.6
2024-01-10T18:39:35.229Z	108	216	1479	2.0	32.0	5.6
2024-01-10T18:47:53.091Z	114	229	1492	2.0	32.0	5.6
2024-01-10T18:56:18.791Z	114	229	1492	2.0	32.0	5.6
2024-01-10T19:05:28.303Z	110	233	1496	2.0	31.6	5.6
2024-01-10T19:15:55.747Z	114	242	1506	2.0	31.6	5.6
2024-01-10T19:24:16.922Z	113	246	1510	2.0	31.6	5.6
2024-01-10T19:32:37.189Z	108	249	1512	1.4	32.2	5.6
2024-01-10T19:40:54.383Z	104	249	1512	1.4	32.2	5.6
2024-01-10T19:49:15.318Z	97	249	1512	1.4	32.2	5.6
2024-01-10T19:57:37.501Z	88	249	1512	2.0	32.2	5.3
2024-01-10T20:07:45.221Z	77	249	1512	2.0	32.2	5.3
2024-01-10T20:19:38.425Z	68	249	1512	2.0	32.2	5.3
2024-01-10T20:28:43.055Z	67	249	1512	2.0	30.4	5.6
2024-01-10T20:37:13.569Z	67	249	1512	2.0	30.4	5.6
2024-01-10T20:45:42.927Z	67	249	1512	2.0	30.4	5.6
2024-01-10T20:53:50.491Z	67	249	1512	2.0	30.4	5.6
2024-01-10T21:02:00.072Z	67	249	1512	2.2	32.3	5.6
2024-01-10T21:12:19.854Z	67	249	1512	2.2	32.3	5.6
2024-01-10T21:21:00.208Z	67	249	1512	2.2	32.3	5.6
2024-01-10T21:29:16.967Z	67	249	1512	2.5	32.1	5.5
2024-01-10T21:37:37.832Z	67	249	1512	2.5	32.1	5.5
2024-01-10T21:45:58.788Z	67	249	1512	2.5	32.1	5.5
2024-01-10T21:54:20.009Z	67	249	1512	2.5	32.1	5.5
2024-01-10T22:02:58.637Z	67	249	1512	1.5	32.8	5.5
2024-01-10T22:13:42.829Z	67	249	1512	1.5	32.8	5.5
2024-01-10T22:25:16.725Z	67	249	1512	1.5	32.8	5.5
2024-01-10T22:34:00.856Z	67	249	1512	1.7	33.0	5.4
2024-01-10T22:42:09.325Z	67	249	1512	1.7	33.0	5.4
2024-01-10T22:50:29.411Z	67	249	1512	1.7	33.0	5.4
2024-01-10T22:58:52.270Z	67	249	1512	1.7	33.1	5.6
2024-01-10T23:08:54.858Z	67	249	1512	1.7	33.1	5.6
2024-01-10T23:20:25.931Z	67	249	1512	1.7	33.1	5.6
2024-01-10T23:28:47.236Z	67	249	1512	1.4	33.5	5.6
2024-01-10T23:37:31.699Z	67	249	1512	1.4	33.5	5.6
2024-01-10T23:45:53.518Z	67	249	1512	1.4	33.5	5.6
2024-01-10T23:54:14.745Z	67	249	1512	1.4	33.5	5.6
2024-01-11T00:03:35.168Z	10	10	1512	1.4	33.8	5.5
2024-01-11T00:26:47.811Z	10	10	1512	1.4	33.9	5.5
2024-01-11T00:49:55.265Z	10	10	1512	1.4	33.9	5.5
2024-01-11T01:22:30.668Z	10	10	1512	1.9	34.2	5.5
2024-01-11T01:47:11.365Z	10	10	1512	1.7	34.4	5.5
2024-01-11T02:08:45.653Z	0	0	1512	2.2	34.6	5.6
2024-01-11T02:24:17.941Z	0	0	1512	2.2	34.6	5.6
2024-01-11T02:37:29.850Z	0	0	1512	1.6	34.8	5.4
2024-01-11T02:46:48.707Z	0	0	1512	1.6	34.8	5.4
2024-01-11T02:55:13.762Z	0	0	1512	1.6	34.8	5.4
2024-01-11T03:04:07.792Z	0	0	1512	2.1	34.7	5.4
2024-01-11T03:15:23.044Z	0	0	1512	2.1	34.7	5.4
2024-01-11T03:25:39.580Z	0	0	1512	2.1	34.7	5.4
2024-01-11T03:34:01.557Z	0	0	1512	2.8	35.1	5.4
2024-01-11T03:42:10.449Z	0	0	1512	2.8	35.1	5.4
2024-01-11T03:50:38.044Z	0	0	1512	2.8	35.1	5.4
2024-01-11T03:58:53.984Z	0	0	1512	2.5	35.2	5.4
2024-01-11T04:09:28.473Z	0	0	1512	2.5	35.2	5.4
2024-01-11T04:22:13.212Z	0	0	1512	2.5	35.2	5.4
2024-01-11T04:32:41.251Z	0	0	1512	2.8	35.2	5.3
2024-01-11T04:41:28.847Z	0	0	1512	2.8	35.2	5.3
2024-01-11T04:49:47.893Z	0	0	1512	2.8	35.2	5.3
2024-01-11T04:58:11.543Z	0	0	1512	2.8	35.3	5.3
2024-01-11T05:08:21.256Z	0	0	1512	2.8	35.3	5.3
2024-01-11T05:19:59.118Z	0	0	1512	2.8	35.3	5.3
2024-01-11T05:30:11.917Z	0	0	1512	2.6	34.9	5.3
2024-01-11T05:38:37.595Z	0	0	1512	2.6	34.9	5.3
2024-01-11T05:46:46.310Z	0	0	1512	2.6	34.9	5.3
2024-01-11T05:55:01.024Z	0	0	1512	2.6	34.9	5.3
2024-01-11T06:04:05.944Z	0	0	1512	2.7	35.2	5.3
2024-01-11T06:15:58.536Z	0	0	1512	2.7	35.2	5.3
2024-01-11T06:28:50.235Z	0	0	1512	2.8	35.1	5.3
2024-01-11T06:38:11.707Z	0	0	1512	2.8	35.1	5.3
2024-01-11T06:46:23.235Z	0	0	1512	2.8	35.1	5.3
2024-01-11T06:54:46.506Z	0	0	1512	2.8	35.1	5.3
2024-01-11T07:03:16.039Z	0	0	1512	2.0	35.0	5.4
2024-01-11T07:13:57.881Z	0	0	1512	2.0	35.0	5.4
2024-01-11T07:23:08.066Z	0	0	1512	2.0	35.0	5.4
2024-01-11T07:31:19.761Z	0	0	1512	1.7	34.8	5.4
2024-01-11T07:39:50.456Z	0	0	1512	1.7	34.8	5.4
2024-01-11T07:48:08.968Z	0	0	1512	1.7	34.8	5.4
2024-01-11T07:56:27.804Z	0	0	1512	1.7	34.8	5.4
2024-01-11T08:06:40.682Z	0	0	1512	1.4	34.7	5.4
2024-01-11T08:19:01.109Z	0	0	1512	1.4	34.7	5.4
2024-01-11T08:30:29.115Z	0	0	1512	1.8	34.5	5.3
2024-01-11T08:39:30.499Z	0	0	1512	1.8	34.5	5.3
2024-01-11T08:47:48.649Z	0	0	1512	1.8	34.5	5.3
2024-01-11T08:56:14.254Z	0	0	1512	1.6	34.3	5.3
2024-01-11T09:05:32.669Z	0	0	1512	1.6	34.3	5.3
2024-01-11T09:16:50.460Z	0	0	1512	1.6	34.3	5.3
2024-01-11T09:26:16.378Z	0	0	1512	1.4	34.2	5.2
2024-01-11T09:34:42.521Z	0	0	1512	1.4	34.2	5.2
2024-01-11T09:43:00.983Z	0	0	1512	1.4	34.2	5.2
2024-01-11T09:51:12.448Z	0	0	1512	1.4	34.2	5.2
2024-01-11T09:59:25.679Z	0	0	1512	1.1	33.7	5.2
2024-01-11T10:09:52.138Z	0	0	1512	1.1	33.7	5.2
2024-01-11T10:22:09.653Z	0	0	1512	1.1	33.7	5.2
2024-01-11T10:33:13.143Z	0	0	1512	1.3	33.9	5.2
2024-01-11T10:41:51.018Z	0	0	1512	1.3	33.9	5.2
2024-01-11T10:50:05.188Z	0	0	1512	1.3	33.9	5.2
2024-01-11T10:58:27.491Z	0	0	1512	1.4	33.1	5.2
2024-01-11T11:08:19.760Z	0	0	1512	1.4	33.1	5.2
2024-01-11T11:18:42.723Z	0	0	1512	1.4	33.1	5.2
2024-01-11T11:27:08.529Z	0	0	1512	2.0	33.5	5.2
2024-01-11T11:35:35.087Z	0	0	1512	2.0	33.5	5.2
2024-01-11T11:43:48.618Z	0	0	1512	2.0	33.5	5.2
2024-01-11T11:51:59.073Z	0	0	1512	2.0	33.5	5.2
2024-01-11T12:00:21.605Z	0	0	1512	1.9	33.4	5.2
2024-01-11T12:11:46.179Z	0	0	1512	1.9	33.4	5.2
2024-01-11T12:26:40.932Z	0	0	1512	1.5	33.2	5.3
2024-01-11T12:43:00.573Z	0	0	1512	1.5	33.2	5.3
2024-01-11T12:55:53.831Z	0	0	1512	1.4	33.1	5.4
2024-01-11T13:06:25.337Z	0	0	1512	1.4	33.1	5.4
2024-01-11T13:18:29.966Z	0	0	1512	1.4	33.1	5.4
2024-01-11T13:29:13.607Z	0	0	1512	1.8	33.0	5.5
2024-01-11T13:37:23.078Z	0	0	1512	1.8	33.0	5.5
2024-01-11T13:45:35.505Z	0	0	1512	1.8	33.0	5.5
2024-01-11T13:53:46.926Z	0	0	1512	1.8	33.0	5.5
2024-01-11T14:02:07.308Z	0	0	1512	1.9	32.9	5.5
2024-01-11T14:12:36.013Z	0	0	1512	1.9	32.9	5.5
2024-01-11T14:24:17.641Z	0	0	1512	1.9	32.9	5.5
2024-01-11T14:33:15.753Z	0	0	1512	2.0	32.7	5.5
2024-01-11T14:41:27.908Z	0	0	1512	2.0	32.7	5.5
2024-01-11T14:49:39.969Z	0	0	1512	2.0	32.7	5.5
2024-01-11T14:57:55.509Z	0	0	1512	2.2	32.7	5.4
2024-01-11T15:08:02.906Z	11	11	1524	2.2	32.7	5.4
2024-01-11T15:19:53.713Z	35	35	1548	2.2	32.7	5.4
2024-01-11T15:29:02.458Z	47	47	1560	2.1	32.3	5.4
2024-01-11T15:37:40.439Z	69	72	1585	2.1	32.3	5.4
2024-01-11T15:45:50.590Z	84	91	1603	2.1	32.3	5.4
2024-01-11T15:54:10.922Z	84	91	1603	2.1	32.3	5.4
2024-01-11T16:02:35.769Z	99	106	1619	2.1	32.1	5.4
2024-01-11T16:14:02.948Z	105	118	1631	2.1	32.1	5.4
2024-01-11T16:27:51.431Z	117	134	1647	2.2	32.0	5.4
2024-01-11T16:39:06.682Z	122	149	1661	2.2	32.0	5.4
2024-01-11T16:47:13.555Z	117	154	1667	2.2	32.0	5.4
2024-01-11T16:55:38.685Z	117	154	1667	2.2	32.0	5.4
2024-01-11T17:04:41.404Z	124	171	1684	2.0	31.8	5.5
2024-01-11T17:15:29.989Z	126	182	1694	2.0	31.8	5.5
2024-01-11T17:26:37.771Z	112	191	1704	1.8	31.6	5.5
2024-01-11T17:35:09.204Z	112	191	1704	1.8	31.6	5.5
2024-01-11T17:43:38.533Z	120	205	1718	1.8	31.6	5.5
2024-01-11T17:51:57.104Z	130	223	1735	1.8	31.6	5.5
2024-01-11T18:00:26.999Z	137	233	1746	1.7	29.9	5.3
2024-01-11T18:11:12.532Z	145	246	1759	1.7	29.9	5.3
2024-01-11T18:24:22.312Z	154	265	1778	1.7	29.9	5.3
2024-01-11T18:33:10.133Z	159	277	1789	1.9	31.4	5.2
2024-01-11T18:41:19.686Z	162	287	1800	1.9	31.4	5.2
2024-01-11T18:49:41.849Z	166	299	1812	1.9	31.4	5.2
2024-01-11T18:57:51.891Z	170	306	1818	2.3	31.6	5.2
2024-01-11T19:07:48.469Z	166	311	1824	2.3	31.6	5.2
2024-01-11T19:18:00.129Z	171	316	1829	2.3	31.6	5.2
2024-01-11T19:26:20.033Z	168	319	1832	2.9	31.7	5.3
2024-01-11T19:34:45.886Z	168	319	1832	2.9	31.7	5.3
2024-01-11T19:43:01.689Z	161	319	1832	2.9	31.7	5.3
2024-01-11T19:51:22.874Z	143	319	1832	2.9	31.7	5.3
2024-01-11T19:59:43.048Z	130	319	1832	2.4	31.5	5.3
2024-01-11T20:10:14.212Z	116	319	1832	2.4	31.5	5.3
2024-01-11T20:22:45.284Z	104	319	1832	2.4	31.5	5.3
2024-01-11T20:31:12.402Z	99	319	1832	2.2	30.3	5.3
2024-01-11T20:39:49.111Z	99	319	1832	2.2	30.3	5.3
2024-01-11T20:48:18.363Z	99	319	1832	2.2	30.3	5.3
2024-01-11T20:56:30.425Z	99	319	1832	1.8	31.8	5.2
2024-01-11T21:05:43.873Z	99	319	1832	1.8	31.8	5.2
2024-01-11T21:16:29.997Z	99	319	1832	1.8	31.8	5.2
2024-01-11T21:24:59.175Z	99	319	1832	1.8	31.8	5.2
2024-01-11T21:33:21.836Z	99	319	1832	1.7	32.2	5.3
2024-01-11T21:41:30.678Z	99	319	1832	1.7	32.2	5.3
2024-01-11T21:49:52.438Z	99	319	1832	1.7	32.2	5.3
2024-01-11T21:58:14.047Z	99	319	1832	1.7	31.3	5.4
2024-01-11T22:08:11.802Z	99	319	1832	1.7	31.3	5.4
2024-01-11T22:19:39.452Z	99	319	1832	1.7	31.3	5.4
2024-01-11T22:30:14.364Z	99	319	1832	1.8	32.7	5.4
2024-01-11T22:38:29.366Z	99	319	1832	1.8	32.7	5.4
2024-01-11T22:46:55.511Z	99	319	1832	1.8	32.7	5.4
2024-01-11T22:55:09.470Z	99	319	1832	1.8	32.7	5.4
2024-01-11T23:04:09.173Z	99	319	1832	1.7	33.0	5.4
2024-01-11T23:15:23.232Z	99	319	1832	1.7	33.0	5.4
2024-01-11T23:25:06.906Z	99	319	1832	1.7	33.0	5.4
2024-01-11T23:33:32.234Z	99	319	1832	1.6	33.2	5.5
2024-01-11T23:41:42.057Z	99	319	1832	1.6	33.2	5.5
2024-01-11T23:50:02.761Z	99	319	1832	1.6	33.2	5.5
2024-01-11T23:58:13.952Z	99	319	1832	1.7	33.5	5.5
2024-01-12T00:25:50.162Z	12	12	1832	1.7	33.5	5.5
2024-01-12T00:48:46.040Z	12	12	1832	1.9	33.6	5.4
2024-01-12T01:20:45.628Z	12	12	1832	1.8	33.9	5.5
2024-01-12T01:46:33.211Z	12	12	1832	1.9	34.1	5.5
2024-01-12T02:08:55.781Z	0	0	1832	2.1	34.3	5.5
2024-01-12T02:24:38.898Z	0	0	1832	2.1	34.3	5.5
2024-01-12T02:37:52.704Z	0	0	1832	1.8	34.5	5.5
2024-01-12T02:47:00.755Z	0	0	1832	1.8	34.5	5.5
2024-01-12T02:55:30.668Z	0	0	1832	1.8	34.5	5.5
2024-01-12T03:04:10.341Z	0	0	1832	2.2	34.6	5.5
2024-01-12T03:15:22.502Z	0	0	1832	2.2	34.6	5.5
2024-01-12T03:25:38.948Z	0	0	1832	2.2	34.6	5.5
2024-01-12T03:34:11.895Z	0	0	1832	1.9	34.9	5.5
2024-01-12T03:42:26.095Z	0	0	1832	1.9	34.9	5.5
2024-01-12T03:50:51.139Z	0	0	1832	1.9	34.9	5.5
2024-01-12T03:59:10.930Z	0	0	1832	1.8	35.0	5.5
2024-01-12T04:09:46.855Z	0	0	1832	1.8	35.0	5.5
2024-01-12T04:22:39.906Z	0	0	1832	1.8	35.0	5.5
2024-01-12T04:32:58.036Z	0	0	1832	2.8	35.2	5.5
2024-01-12T04:41:39.883Z	0	0	1832	2.8	35.2	5.5
2024-01-12T04:50:01.547Z	0	0	1832	2.8	35.2	5.5
2024-01-12T04:58:11.865Z	0	0	1832	2.6	35.2	5.5
2024-01-12T05:08:23.284Z	0	0	1832	2.6	35.2	5.5
2024-01-12T05:20:01.442Z	0	0	1832	2.6	35.2	5.5
2024-01-12T05:30:25.126Z	0	0	1832	2.5	35.2	5.4
2024-01-12T05:38:47.316Z	0	0	1832	2.5	35.2	5.4
2024-01-12T05:47:00.734Z	0	0	1832	2.5	35.2	5.4
2024-01-12T05:55:20.228Z	0	0	1832	2.5	35.2	5.4
2024-01-12T06:04:49.392Z	0	0	1832	3.2	35.2	5.4
2024-01-12T06:16:56.101Z	0	0	1832	3.2	35.2	5.4
2024-01-12T06:29:38.409Z	0	0	1832	3.2	35.2	5.3
2024-01-12T06:38:56.072Z	0	0	1832	3.2	35.2	5.3
2024-01-12T06:47:18.743Z	0	0	1832	3.2	35.2	5.3
2024-01-12T06:55:43.490Z	0	0	1832	3.2	35.2	5.3
2024-01-12T07:04:43.750Z	0	0	1832	3.3	35.2	5.2
2024-01-12T07:15:41.686Z	0	0	1832	3.3	35.2	5.2
2024-01-12T07:24:32.165Z	0	0	1832	3.3	35.2	5.2
2024-01-12T07:32:53.633Z	0	0	1832	3.5	35.1	5.2
2024-01-12T07:41:18.697Z	0	0	1832	3.5	35.1	5.2
2024-01-12T07:49:27.397Z	0	0	1832	3.5	35.1	5.2
2024-01-12T07:57:47.254Z	0	0	1832	3.5	35.0	5.2
2024-01-12T08:08:49.088Z	0	0	1832	3.5	35.0	5.2
2024-01-12T08:21:31.586Z	0	0	1832	3.5	35.0	5.2
2024-01-12T08:32:14.022Z	0	0	1832	3.3	34.8	5.2
2024-01-12T08:41:06.739Z	0	0	1832	3.3	34.8	5.2
2024-01-12T08:49:32.650Z	0	0	1832	3.3	34.8	5.2
2024-01-12T08:57:54.269Z	0	0	1832	3.3	34.8	5.2
2024-01-12T09:08:03.532Z	0	0	1832	3.2	34.6	5.3
2024-01-12T09:19:43.424Z	0	0	1832	3.2	34.6	5.3
2024-01-12T09:28:19.752Z	0	0	1832	3.2	34.6	5.3
2024-01-12T09:36:58.841Z	0	0	1832	3.6	33.7	5.3
2024-01-12T09:45:19.614Z	0	0	1832	3.6	33.7	5.3
2024-01-12T09:53:38.670Z	0	0	1832	3.6	33.7	5.3
2024-01-12T10:01:50.390Z	0	0	1832	3.5	28.9	5.3
2024-01-12T10:12:44.049Z	0	0	1832	3.5	28.9	5.3
2024-01-12T10:25:20.255Z	0	0	1832	3.5	28.9	5.3
2024-01-12T10:35:18.384Z	0	0	1832	3.8	33.6	5.2
2024-01-12T10:43:42.258Z	0	0	1832	3.8	33.6	5.2
2024-01-12T10:52:08.624Z	0	0	1832	3.8	33.6	5.2
2024-01-12T11:00:29.466Z	0	0	1832	3.8	33.6	5.2
2024-01-12T11:10:31.734Z	0	0	1832	4.0	33.6	5.4
2024-01-12T11:20:12.478Z	0	0	1832	4.0	33.6	5.4
2024-01-12T11:28:25.941Z	0	0	1832	4.0	33.6	5.4
2024-01-12T11:36:55.529Z	0	0	1832	4.6	33.6	5.4
2024-01-12T11:45:17.447Z	0	0	1832	4.6	33.6	5.4
2024-01-12T11:53:44.124Z	0	0	1832	4.6	33.6	5.4
2024-01-12T12:02:07.853Z	0	0	1832	4.4	33.6	5.2
2024-01-12T12:13:49.586Z	0	0	1832	4.4	33.6	5.2
2024-01-12T12:29:20.449Z	0	0	1832	4.4	33.6	5.2
2024-01-12T12:44:53.085Z	0	0	1832	4.4	33.4	5.2
2024-01-12T12:56:42.574Z	0	0	1832	4.4	33.4	5.2
2024-01-12T13:07:10.392Z	0	0	1832	5.0	33.4	5.3
2024-01-12T13:19:19.383Z	0	0	1832	5.0	33.4	5.3
2024-01-12T13:29:03.566Z	0	0	1832	5.0	33.4	5.3
2024-01-12T13:37:26.515Z	0	0	1832	4.8	33.4	5.3
2024-01-12T13:45:40.506Z	0	0	1832	4.8	33.4	5.3
2024-01-12T13:53:54.964Z	0	0	1832	4.8	33.4	5.3
2024-01-12T14:02:04.252Z	0	0	1832	4.7	33.3	5.3
2024-01-12T14:12:43.443Z	0	0	1832	4.7	33.3	5.3
2024-01-12T14:24:13.908Z	0	0	1832	4.7	33.3	5.3
2024-01-12T14:32:49.674Z	0	0	1832	4.7	33.3	5.3
2024-01-12T14:41:02.049Z	0	0	1832	4.7	33.3	5.3
2024-01-12T14:49:16.775Z	0	0	1832	4.7	33.3	5.3
2024-01-12T14:57:31.290Z	0	0	1832	4.7	33.3	5.3
2024-01-12T15:07:17.830Z	0	0	1832	4.5	33.3	5.3
2024-01-12T15:18:44.499Z	0	0	1832	4.5	33.3	5.3
2024-01-12T15:27:46.054Z	0	0	1832	4.5	33.3	5.3
2024-01-12T15:36:31.881Z	0	0	1832	4.4	33.2	5.3
2024-01-12T15:44:50.593Z	0	0	1832	4.4	33.2	5.3
2024-01-12T15:53:07.287Z	0	0	1832	4.4	33.2	5.3
2024-01-12T16:01:33.275Z	0	0	1832	4.3	33.2	5.3
2024-01-12T16:12:48.126Z	0	0	1832	4.3	33.2	5.3
2024-01-12T16:26:34.002Z	0	0	1832	4.3	33.2	5.3
2024-01-12T16:37:33.726Z	0	0	1832	4.2	33.1	5.3
2024-01-12T16:45:56.186Z	0	0	1832	4.2	33.1	5.3
2024-01-12T16:54:12.951Z	0	0	1832	4.2	33.1	5.3
2024-01-12T17:02:30.286Z	0	0	1832	3.9	33.1	5.3
2024-01-12T17:12:56.882Z	0	0	1832	3.9	33.1	5.3
2024-01-12T17:24:09.656Z	0	0	1832	3.9	33.1	5.3
2024-01-12T17:32:23.107Z	0	0	1832	3.9	32.8	5.2
2024-01-12T17:40:48.453Z	0	0	1832	3.9	32.8	5.2
